Fecha de creacion;Estado;Ubicacion;Origen;Modelo;Nuevo Precio;Precio de la publicacion;Precio de la reserva;Gastos administrativo;Seguro base;Seguro Contra Terceros;Seguro Premium;Entrega Aeropuerto;Devolucion Aeropuerto;Precio final;Pago seña;Pendiente Por Cobrar;Check-in;Check-out;Dias de Alquiler;Pago de garantia;Monto de la garantia;Devolución Garantia
2024-12-02 13:10:59.301507;COMPLETADA;Bolívar 355, Buenos Aires, Argentina;;Logan;ARS 60.000;ARS 60.000;ARS 300.000;ARS 25.500;ARS 27.500;ARS 0;ARS 29.500;ARS 0;ARS 0;ARS 382.500;ARS 0;ARS 0;21/12/24 17:00;26/12/24 17:00;5;SI;ARS 400.000;NO
2024-12-03 12:10:02.767931;COMPLETADA;Brasilia 460, San Carlos de Bariloche, Río Negro Province, Argentina;;Onix;ARS 55.000;ARS 50.000;ARS 250.000;ARS 21.250;ARS 27.500;ARS 0;ARS 0;ARS 0;ARS 0;ARS 355.375;ARS 0;ARS 0;27/1/25 11:00;1/2/25 11:00;5;SI;ARS 400.000;NO
2024-12-03 14:25:51.673232;COMPLETADA;Charcas 4040, Buenos Aires, Argentina;;Kangoo;ARS 70.000;ARS 65.000;ARS 195.000;ARS 16.575;ARS 16.500;ARS 0;ARS 17.700;ARS 0;ARS 0;ARS 245.775;ARS 0;ARS 0;4/12/24 13:00;7/12/24 13:00;3;SI;ARS 600.000;NO
2024-12-03 15:11:27.922839;COMPLETADA;Avenida Rivadavia 5627, Buenos Aires, Argentina;;Polo;ARS 70.000;ARS 60.000;ARS 420.000;ARS 35.700;ARS 38.500;ARS 0;ARS 41.300;ARS 0;ARS 0;ARS 535.500;ARS 0;ARS 0;21/12/24 16:00;28/12/24 16:00;7;SI;ARS 400.000;NO
2024-12-03 15:59:18.089603;COMPLETADA;Plaza Independencia, Avenida 24 de Septiembre, San Miguel de Tucumán, Tucumán Province, Argentina;;Logan;ARS 75.000;ARS 50.000;ARS 750.000;ARS 63.750;ARS 82.500;ARS 0;ARS 88.500;ARS 0;ARS 0;ARS 984.750;ARS 0;ARS 0;13/1/25 10:00;28/1/25 10:00;15;SI;ARS 400.000;NO
2024-12-04 09:47:39.137687;COMPLETADA;San Miguel de Tucumán;;C3 1.5I FEEL;ARS 50.000;ARS 50.000;ARS 200.000;ARS 17.000;ARS 22.000;ARS 0;ARS 0;ARS 0;ARS 0;ARS 239.000;ARS 0;ARS 0;6/12/24 8:00;9/12/24 19:30;4;SI;ARS 400.000;NO
2024-12-04 16:50:43.009177;COMPLETADA;Costa Rica 3966, ADB, Buenos Aires, Argentina;;mobi;ARS 50.000;ARS 55.000;ARS 55.000;ARS 4.675;ARS 5.500;ARS 0;ARS 5.900;ARS 0;ARS 0;ARS 65.650;ARS 0;ARS 0;5/12/24 12:30;6/12/24 12:30;1;SI;ARS 400.000;NO
2024-12-04 16:53:31.409828;COMPLETADA;Costa Rica 3966, ADB, Buenos Aires, Argentina;;mobi;ARS 50.000;ARS 55.000;ARS 55.000;ARS 4.675;ARS 5.500;ARS 0;ARS 5.900;ARS 0;ARS 0;ARS 65.650;ARS 0;ARS 0;7/12/24 9:00;8/12/24 9:00;1;SI;ARS 400.000;NO
2024-12-05 21:02:34.125346;COMPLETADA;Costa Rica 3966, Buenos Aires, Argentina;APP;208;ARS 72.000;ARS 80.000;ARS 240.000;ARS 20.400;ARS 16.500;ARS 0;ARS 0;ARS 0;ARS 0;ARS 276.900;ARS 0;ARS 0;5/12/24 19:02;8/12/24 19:02;3;SI;ARS 400.000;NO
2024-12-06 13:41:39.194430;COMPLETADA;Mendoza, Capital Department, Mendoza Province, Argentina;;Gol Trend;ARS 52.500;ARS 50.000;ARS 150.000;ARS 12.750;ARS 16.500;ARS 0;ARS 0;ARS 0;ARS 0;ARS 179.250;ARS 0;ARS 0;7/12/24 10:00;9/12/24 21:00;3;SI;ARS 400.000;NO
2024-12-06 14:50:08.105317;COMPLETADA;Vidal 1691, Buenos Aires, Argentina;;Logan;ARS 65.000;ARS 55.000;ARS 55.000;ARS 4.675;ARS 5.500;ARS 0;ARS 0;ARS 0;ARS 0;ARS 65.175;ARS 0;ARS 0;21/12/24 13:00;22/12/24 13:00;1;SI;ARS 400.000;NO
2024-12-06 16:14:49.693772;COMPLETADA;Costa Rica 3966, ADB, Buenos Aires, Argentina;;mobi;ARS 50.000;ARS 40.000;ARS 1.200.000;ARS 102.000;ARS 165.000;ARS 0;ARS 177.000;ARS 0;ARS 0;ARS 1.677.000;ARS 0;ARS 0;22/12/24 9:00;21/1/25 9:00;30;SI;ARS 400.000;NO
2024-12-07 13:23:00.864305;COMPLETADA;Rafaela 4788, Buenos Aires, Argentina;;Sandero;ARS 60.000;ARS 60.000;ARS 300.000;ARS 25.500;ARS 27.500;ARS 0;ARS 0;ARS 0;ARS 0;ARS 353.000;ARS 0;ARS 0;13/12/24 11:00;18/12/24 11:00;5;SI;ARS 400.000;NO
2024-12-07 17:43:05.551826;COMPLETADA;Charcas 4040, Buenos Aires, Argentina;;Kangoo;ARS 70.000;ARS 113.750;ARS 260.000;ARS 38.675;ARS 38.500;ARS 0;ARS 0;ARS 0;ARS 0;ARS 327.700;ARS 0;ARS 0;7/12/24 13:00;11/12/24 13:00;4;SI;ARS 400.000;NO
2024-12-08 14:14:37.337812;COMPLETADA;Benjamín Matienzo 1431, Godoy Cruz, Mendoza, Argentina;;Etios;ARS 40.000;ARS 26.667;ARS 80.000;ARS 6.800;ARS 11.000;ARS 0;ARS 0;ARS 0;ARS 0;ARS 129.600;ARS 0;ARS 0;9/12/24 8:00;11/12/24 16:00;3;SI;ARS 400.000;NO
2024-12-08 14:37:17.466135;COMPLETADA;Costa Rica 3966, Buenos Aires, Argentina;;Logan;ARS 70.000;ARS 55.000;ARS 440.000;ARS 37.400;ARS 44.000;ARS 0;ARS 0;ARS 0;ARS 0;ARS 521.400;ARS 0;ARS 0;5/1/25 12:00;13/1/25 12:00;8;SI;ARS 400.000;NO
2024-12-09 11:22:05.604891;COMPLETADA;Vicente López 2305, Buenos Aires, Argentina;;Focus;ARS 65.000;ARS 61.429;ARS 430.000;ARS 36.550;ARS 38.500;ARS 0;ARS 41.300;ARS 0;ARS 0;ARS 571.350;ARS 0;ARS 0;23/12/24 18:30;30/12/24 18:00;7;SI;ARS 400.000;NO
2024-12-09 12:44:15.724628;COMPLETADA;Avenida Cabildo 759, Buenos Aires, Argentina;;Fiesta;ARS 60.000;ARS 65.000;ARS 390.000;ARS 33.150;ARS 33.000;ARS 0;ARS 0;ARS 0;ARS 0;ARS 456.150;ARS 0;ARS 0;27/12/24 17:00;2/1/25 17:00;6;SI;ARS 400.000;NO
2024-12-09 14:23:05.175066;COMPLETADA;Avenida Cabildo 759, Buenos Aires, Argentina;;Fiesta;ARS 60.000;ARS 60.000;ARS 490.600;ARS 35.700;ARS 38.500;ARS 0;ARS 0;ARS 0;ARS 0;ARS 564.800;ARS 0;ARS 0;4/1/25 14:00;12/1/25 14:00;7;SI;ARS 400.000;NO
2024-12-09 17:00:10.341346;COMPLETADA;9 de Julio 955, Quilmes, Buenos Aires Province, Argentina;;308 1.6 ALLURE;ARS 70.000;ARS 65.000;ARS 390.000;ARS 33.150;ARS 33.000;ARS 0;ARS 35.400;ARS 0;ARS 0;ARS 491.550;ARS 0;ARS 0;24/12/24 9:30;30/12/24 9:30;6;SI;ARS 400.000;NO
2024-12-10 12:21:15.208640;COMPLETADA;Charcas 4040, Buenos Aires, Argentina;;Kangoo;ARS 70.000;ARS 65.000;ARS 455.000;ARS 38.675;ARS 38.500;ARS 0;ARS 0;ARS 0;ARS 0;ARS 532.175;ARS 0;ARS 0;11/12/24 13:30;18/12/24 13:00;7;SI;ARS 400.000;NO
2024-12-10 17:37:44.435879;COMPLETADA;Avenida Rivadavia 5627, Buenos Aires, Argentina;;Polo;ARS 70.000;ARS 70.000;ARS 560.000;ARS 47.600;ARS 44.000;ARS 0;ARS 47.200;ARS 0;ARS 0;ARS 698.800;ARS 0;ARS 0;30/12/24 9:00;7/1/25 9:00;8;SI;ARS 400.000;NO
2024-12-10 18:00:45.326131;COMPLETADA;Avenida Juan Bautista Justo 8324, Buenos Aires, Argentina;;208;ARS 75.000;ARS 70.000;ARS 210.000;ARS 17.850;ARS 16.500;ARS 0;ARS 17.700;ARS 0;ARS 0;ARS 278.325;ARS 0;ARS 0;23/12/24 9:00;26/12/24 9:00;3;SI;ARS 400.000;NO
2024-12-11 08:21:11.872459;COMPLETADA;Charcas 4040, Buenos Aires, Argentina;APP;Logan;ARS 80.000;ARS 50.000;ARS 50.000;ARS 4.250;ARS 5.500;ARS 0;ARS 5.900;ARS 0;ARS 0;ARS 65.650;ARS 0;ARS 0;15/12/24 14:00;16/12/24 14:00;1;SI;ARS 400.000;NO
2024-12-11 09:52:10.635654;COMPLETADA;Campana;;Kicks;ARS 80.000;ARS 70.000;ARS 420.000;ARS 35.700;ARS 33.000;ARS 0;ARS 0;ARS 0;ARS 0;ARS 488.700;ARS 0;ARS 0;11/12/24 12:30;17/12/24 12:30;6;SI;ARS 400.000;NO
2024-12-11 17:50:35.939165;COMPLETADA;Charcas 4040, Buenos Aires, Argentina;;Logan;ARS 80.000;ARS 50.000;ARS 100.000;ARS 8.500;ARS 11.000;ARS 0;ARS 0;ARS 0;ARS 0;ARS 142.150;ARS 0;ARS 0;12/12/24 9:00;14/12/24 9:00;2;SI;ARS 400.000;NO
2024-12-11 20:34:03.365737;COMPLETADA;Aeropuerto Santiago del Estero / Vcom. Angel de la Paz Aragonés (SDE - SANE), Honduras, Santiago del Estero, Santiago del Estero Province, Argentina;WEB;Palio;ARS 55.000;ARS 50.000;ARS 150.000;ARS 8.500;ARS 11.000;ARS 0;ARS 17.700;ARS 0;ARS 0;ARS 196.650;ARS 0;ARS 0;12/12/24 14:00;15/12/24 14:00;2;SI;ARS 400.000;NO
2024-12-12 10:35:05.841809;COMPLETADA;Palermo, Buenos Aires, Argentina;;GLK 300  4MATIC BLUEEFFICIENCY;ARS 95.000;ARS 100.000;ARS 720.000;ARS 61.200;ARS 38.500;ARS 0;ARS 41.300;ARS 0;ARS 0;ARS 871.850;ARS 0;ARS 0;29/12/24 9:00;4/1/25 21:00;7;SI;ARS 400.000;NO
2024-12-12 11:29:24.672061;COMPLETADA;Benjamín Matienzo 1431, Godoy Cruz, Mendoza, Argentina;;408 1.6 HDI ALLURE;ARS 50.000;ARS 50.000;ARS 300.000;ARS 25.500;ARS 33.000;ARS 0;ARS 35.400;ARS 0;ARS 0;ARS 413.900;ARS 0;ARS 0;21/1/24 9:00;27/1/24 9:00;6;SI;ARS 400.000;NO
2024-12-12 12:03:00.033955;COMPLETADA;Avenida Patricias Argentinas 111, CABA, Buenos Aires, Argentina;;Cronos  1.3;ARS 60.000;ARS 60.000;ARS 480.000;ARS 40.800;ARS 44.000;ARS 0;ARS 47.200;ARS 0;ARS 0;ARS 612.000;ARS 0;ARS 0;21/12/24 9:00;28/12/24 16:00;8;SI;ARS 400.000;NO
2024-12-12 12:40:03.900529;COMPLETADA;Aeropuerto Santiago del Estero / Vcom. Angel de la Paz Aragonés (SDE - SANE), Honduras, Santiago del Estero, Santiago del Estero Province, Argentina;;CLIO MIO 1.2 5 P EXPRESSION PK2;ARS 55.000;ARS 48.000;ARS 288.000;ARS 20.400;ARS 27.500;ARS 0;ARS 29.500;ARS 0;ARS 0;ARS 393.900;ARS 0;ARS 0;13/12/24 9:00;19/12/24 9:00;5;SI;ARS 400.000;NO
2024-12-12 13:05:17.650940;COMPLETADA;Rivadavia 745, Cañuelas, Buenos Aires Province, Argentina;;Onix;ARS 60.000;ARS 60.000;ARS 300.000;ARS 25.500;ARS 27.500;ARS 0;ARS 0;ARS 0;ARS 0;ARS 353.000;ARS 0;ARS 0;21/12/24 10:00;26/12/24 10:00;5;SI;ARS 400.000;NO
2024-12-13 11:47:26.852295;COMPLETADA;De los Notros 515, San Carlos de Bariloche, Río Negro Province, Argentina;WEB;Cronos  1.3;ARS 63.825;ARS 63.825;ARS 638.250;ARS 54.251;ARS 55.000;ARS 0;ARS 0;ARS 15.000;ARS 15.000;ARS 777.501;ARS 0;ARS 0;26/12/24 7:00;4/1/25 16:00;10;SI;ARS 400.000;NO
2024-12-13 14:03:11.648842;COMPLETADA;Av. Patria 500, Córdoba, Córdoba Province, Argentina;;2008 1.6 SPORT THP;ARS 65.000;ARS 50.000;ARS 350.000;ARS 29.750;ARS 38.500;ARS 0;ARS 41.300;ARS 0;ARS 0;ARS 497.525;ARS 0;ARS 0;19/1/25 21:00;26/1/25 17:00;7;SI;ARS 400.000;NO
2024-12-13 15:44:23.966599;COMPLETADA;Avenida Juan Bautista Justo 8324, Buenos Aires, Argentina;;Logan;ARS 70.000;ARS 60.000;ARS 240.000;ARS 20.400;ARS 22.000;ARS 0;ARS 23.600;ARS 0;ARS 0;ARS 306.000;ARS 0;ARS 0;17/12/24 8:00;20/12/24 18:00;4;SI;ARS 400.000;NO
2024-12-14 12:35:40.424731;COMPLETADA;Costa Rica 3966, ADB, Buenos Aires, Argentina;;mobi;ARS 50.000;ARS 50.000;ARS 100.000;ARS 8.500;ARS 11.000;ARS 0;ARS 11.800;ARS 0;ARS 0;ARS 143.100;ARS 0;ARS 0;14/12/24 13:00;16/12/24 13:00;2;SI;ARS 400.000;NO
2024-12-15 13:44:29.568469;COMPLETADA;Costa Rica 3966, Buenos Aires, Argentina;;Logan;ARS 70.000;ARS 65.000;ARS 520.000;ARS 44.200;ARS 44.000;ARS 0;ARS 47.200;ARS 0;ARS 0;ARS 655.400;ARS 0;ARS 0;27/12/24 11:00;4/1/25 11:00;8;SI;ARS 400.000;NO
2024-12-16 09:23:11.291060;COMPLETADA;Costa Rica 3966, Buenos Aires, Argentina;;ECO SPORT 1.5  S L/13;ARS 73.000;ARS 70.000;ARS 135.000;ARS 17.850;ARS 16.500;ARS 0;ARS 0;ARS 0;ARS 0;ARS 287.700;ARS 0;ARS 0;23/12/24 8:30;26/12/24 8:30;3;SI;ARS 400.000;NO
2024-12-16 10:15:59.636651;COMPLETADA;Aeropuerto Santiago del Estero / Vcom. Angel de la Paz Aragonés (SDE - SANE), Honduras, Santiago del Estero, Santiago del Estero Province, Argentina;;Palio;ARS 55.000;ARS 50.000;ARS 200.000;ARS 17.000;ARS 22.000;ARS 0;ARS 23.600;ARS 0;ARS 0;ARS 262.600;ARS 0;ARS 0;16/12/24 11:30;20/12/24 11:30;4;SI;ARS 400.000;NO
2024-12-16 11:40:07.731484;COMPLETADA;Charcas 4040, Buenos Aires, Argentina;;Logan;ARS 80.000;ARS 60.000;ARS 60.000;ARS 5.100;ARS 5.500;ARS 0;ARS 0;ARS 0;ARS 0;ARS 70.600;ARS 0;ARS 0;18/12/24 8:00;19/12/24 8:00;1;SI;ARS 400.000;NO
2024-12-16 12:19:24.115416;COMPLETADA;Virrey del Pino 4130, Buenos Aires, Argentina;;208;ARS 70.000;ARS 70.000;ARS 210.000;ARS 17.850;ARS 16.500;ARS 0;ARS 17.700;ARS 0;ARS 0;ARS 267.475;ARS 0;ARS 0;23/12/24 18:05;26/12/24 18:05;3;SI;ARS 400.000;NO
2024-12-16 15:44:33.093426;COMPLETADA;Charcas 4040, Buenos Aires, Argentina;;Logan;ARS 80.000;ARS 50.000;ARS 550.000;ARS 42.500;ARS 60.500;ARS 0;ARS 64.900;ARS 0;ARS 0;ARS 631.300;ARS 0;ARS 0;30/12/24 19:00;10/1/25 21:00;10;SI;ARS 400.000;NO
2024-12-16 16:04:32.163017;COMPLETADA;Bariloche, Río Negro Province, Argentina;;Sandero;ARS 55.000;ARS 60.000;ARS 300.000;ARS 25.500;ARS 27.500;ARS 0;ARS 0;ARS 0;ARS 0;ARS 355.375;ARS 0;ARS 0;7/1/25 8:00;12/1/25 8:00;5;SI;ARS 400.000;NO
2024-12-16 16:46:06.345711;COMPLETADA;Costa Rica 3966, Buenos Aires, Argentina;;TUCSON 2.0 4X4;ARS 110.000;ARS 110.000;ARS 1.540.000;ARS 130.900;ARS 77.000;ARS 0;ARS 82.600;ARS 0;ARS 0;ARS 1.830.500;ARS 0;ARS 0;19/12/24 11:00;2/1/25 11:00;14;SI;ARS 400.000;NO
2024-12-16 16:55:32.767677;COMPLETADA;Costa Rica 3966, Buenos Aires, Argentina;;Gol Trend;ARS 41.050;ARS 60.000;ARS 1.800.000;ARS 153.000;ARS 165.000;ARS 0;ARS 0;ARS 0;ARS 0;ARS 2.118.000;ARS 0;ARS 0;17/12/24 12:00;16/1/25 12:00;30;SI;ARS 400.000;NO
2024-12-17 11:58:16.306142;COMPLETADA;Costa Rica 3966, Buenos Aires, Argentina;;Logan;ARS 70.000;ARS 60.000;ARS 120.000;ARS 10.200;ARS 11.000;ARS 0;ARS 11.800;ARS 0;ARS 0;ARS 147.575;ARS 0;ARS 0;24/12/24 10:00;26/12/24 12:00;2;SI;ARS 400.000;NO
2024-12-17 12:23:00.360293;COMPLETADA;Santiago del Estero, Santiago del Estero Province, Argentina;;CAPTUR 2.0 ZEN;ARS 75.000;ARS 70.000;ARS 210.000;ARS 17.850;ARS 16.500;ARS 0;ARS 17.700;ARS 0;ARS 0;ARS 262.050;ARS 0;ARS 0;17/12/24 13:30;20/12/24 13:30;3;SI;ARS 400.000;NO
2024-12-18 11:46:51.418211;COMPLETADA;Costa Rica 3966, Buenos Aires, Argentina;;ECO SPORT 1.5  S L/13;ARS 73.000;ARS 78.000;ARS 468.000;ARS 39.780;ARS 33.000;ARS 0;ARS 35.400;ARS 0;ARS 0;ARS 575.400;ARS 0;ARS 0;27/12/24 9:00;2/1/25 9:00;6;SI;ARS 600.000;NO
2024-12-18 12:49:51.356655;COMPLETADA;Costa Rica 3966, Buenos Aires, Argentina;;208;ARS 72.000;ARS 66.000;ARS 462.000;ARS 39.270;ARS 38.500;ARS 0;ARS 41.300;ARS 0;ARS 0;ARS 580.000;ARS 0;ARS 0;26/12/24 13:05;2/1/25 13:00;7;SI;ARS 600.000;NO
2024-12-18 16:04:49.268654;COMPLETADA;Av. Patria 500, Córdoba, Córdoba Province, Argentina;;2008 1.6 SPORT THP;ARS 65.000;ARS 50.000;ARS 350.000;ARS 29.750;ARS 38.500;ARS 0;ARS 0;ARS 0;ARS 0;ARS 456.225;ARS 0;ARS 0;4/1/25 6:00;10/1/25 15:30;7;SI;ARS 400.000;NO
2024-12-18 16:07:32.360961;COMPLETADA;Bolívar 355, Buenos Aires, Argentina;;Logan;ARS 60.000;ARS 60.000;ARS 540.000;ARS 45.900;ARS 49.500;ARS 0;ARS 0;ARS 0;ARS 0;ARS 635.400;ARS 0;ARS 0;17/1/25 18:00;26/1/25 18:00;9;SI;ARS 400.000;NO
2024-12-18 16:23:48.744241;COMPLETADA;Córdoba, Argentina;;Etios;ARS 45.000;ARS 40.000;ARS 280.000;ARS 23.800;ARS 38.500;ARS 0;ARS 0;ARS 0;ARS 0;ARS 380.275;ARS 0;ARS 0;4/1/24 6:00;10/1/24 15:30;7;SI;ARS 400.000;NO
2024-12-18 17:09:32.640443;COMPLETADA;Charcas 4040, Buenos Aires, Argentina;;Kangoo;ARS 70.000;ARS 65.000;ARS 195.000;ARS 16.575;ARS 16.500;ARS 0;ARS 0;ARS 0;ARS 0;ARS 228.075;ARS 0;ARS 0;18/12/24 13:00;21/12/24 13:00;3;SI;ARS 400.000;NO
2024-12-19 09:47:36.655403;COMPLETADA;Santiago del Estero, Santiago del Estero Province, Argentina;;Etios;ARS 65.000;ARS 60.000;ARS 120.000;ARS 10.200;ARS 11.000;ARS 0;ARS 0;ARS 0;ARS 0;ARS 141.200;ARS 0;ARS 0;19/12/24 10:30;20/12/24 21:00;2;SI;ARS 400.000;NO
2024-12-19 12:51:10.068378;COMPLETADA;Santiago del Estero, Santiago del Estero Province, Argentina;;CAPTUR 2.0 ZEN;ARS 75.000;ARS 70.000;ARS 70.000;ARS 5.950;ARS 5.500;ARS 0;ARS 5.900;ARS 0;ARS 0;ARS 87.350;ARS 0;ARS 0;21/12/24 10:00;22/12/24 10:00;1;SI;ARS 400.000;NO
2024-12-19 13:04:11.560279;COMPLETADA;Avenida Patricias Argentinas 111, CABA, Buenos Aires, Argentina;;Cronos  1.3;ARS 60.000;ARS 60.000;ARS 240.000;ARS 20.400;ARS 22.000;ARS 0;ARS 23.600;ARS 0;ARS 0;ARS 306.000;ARS 0;ARS 0;2/1/25 7:00;5/1/25 17:00;4;SI;ARS 400.000;NO
2024-12-19 16:03:21.377622;COMPLETADA;Avenida Juan Bautista Justo 8324, Buenos Aires, Argentina;;208;ARS 75.000;ARS 70.000;ARS 290.000;ARS 23.800;ARS 22.000;ARS 20.000;ARS 0;ARS 0;ARS 0;ARS 356.650;ARS 0;ARS 0;16/1/25 16:30;20/1/25 19:00;4;SI;ARS 400.000;NO
2024-12-20 12:16:55.784955;COMPLETADA;Avenida Nicolás Avellaneda 521, San Miguel de Tucumán, Tucumán Province, Argentina;APP;208;ARS 55.000;ARS 50.000;ARS 100.000;ARS 8.500;ARS 11.000;ARS 0;ARS 0;ARS 0;ARS 0;ARS 119.500;ARS 0;ARS 0;20/12/24 21:30;22/12/24 21:30;2;SI;ARS 400.000;NO
2024-12-20 12:17:53.606300;COMPLETADA;Mendoza, Capital Department, Mendoza Province, Argentina;;KA;ARS 52.500;ARS 50.000;ARS 300.000;ARS 25.500;ARS 33.000;ARS 0;ARS 0;ARS 35.000;ARS 0;ARS 393.500;ARS 0;ARS 0;29/12/24 1:00;3/1/25 22:00;6;SI;ARS 400.000;NO
2024-12-21 09:53:36.529615;COMPLETADA;Plaza Independencia, Avenida 24 de Septiembre, San Miguel de Tucumán, Tucumán Province, Argentina;;Logan;ARS 75.000;ARS 59.000;ARS 59.000;ARS 5.015;ARS 5.500;ARS 0;ARS 9.000;ARS 0;ARS 0;ARS 79.600;ARS 0;ARS 0;21/12/24 12:00;22/12/24 12:00;1;SI;ARS 400.000;NO
2024-12-21 10:01:39.768758;COMPLETADA;Charcas 4040, Buenos Aires, Argentina;;Kangoo;ARS 70.000;ARS 65.000;ARS 455.000;ARS 38.675;ARS 38.500;ARS 0;ARS 0;ARS 0;ARS 0;ARS 532.175;ARS 0;ARS 0;21/12/24 13:00;28/12/24 13:00;7;SI;ARS 400.000;NO
2024-12-21 12:19:02.496143;COMPLETADA;Puerto Madero, Buenos Aires, Argentina;;2008 1.6 FELINE TIPTRONIC L/19;ARS 75.000;ARS 75.000;ARS 225.000;ARS 19.125;ARS 16.500;ARS 0;ARS 17.700;ARS 0;ARS 0;ARS 278.325;ARS 0;ARS 0;23/12/24 9:00;26/12/24 9:00;3;SI;ARS 400.000;NO
2024-12-21 13:57:55.305320;COMPLETADA;Costa Rica 3966, ADB, Buenos Aires, Argentina;;Siena;ARS 65.000;ARS 60.000;ARS 180.000;ARS 15.300;ARS 16.500;ARS 27.000;ARS 0;ARS 0;ARS 0;ARS 238.800;ARS 0;ARS 0;24/12/24 9:00;27/12/24 9:00;3;SI;ARS 400.000;NO
2024-12-21 16:06:06.752952;COMPLETADA;Costa Rica 3966, ADB, Buenos Aires, Argentina;;Kwid;ARS 45.000;ARS 36.500;ARS 1.131.500;ARS 96.178;ARS 170.500;ARS 0;ARS 0;ARS 0;ARS 0;ARS 1.350.000;ARS 0;ARS 0;21/12/24 17:00;21/1/25 17:00;31;SI;ARS 400.000;NO
2024-12-22 09:51:43.392619;COMPLETADA;Costa Rica 3966, ADB, Buenos Aires, Argentina;;Siena;ARS 65.000;ARS 60.000;ARS 60.000;ARS 5.100;ARS 5.500;ARS 0;ARS 9.000;ARS 0;ARS 0;ARS 79.600;ARS 0;ARS 0;22/12/24 10:00;23/12/24 10:00;1;SI;ARS 400.000;NO
2024-12-23 09:47:25.488486;COMPLETADA;Costa Rica 3966, ADB, Buenos Aires, Argentina;;Siena;ARS 65.000;ARS 60.000;ARS 300.000;ARS 25.500;ARS 27.500;ARS 0;ARS 14.750;ARS 0;ARS 0;ARS 422.000;ARS 0;ARS 0;28/12/24 12:30;2/1/25 12:30;5;SI;ARS 400.000;NO
2024-12-23 11:01:21.143031;COMPLETADA;Córdoba, Argentina;;Palio;ARS 40.000;ARS 38.000;ARS 114.000;ARS 9.690;ARS 16.500;ARS 0;ARS 27.000;ARS 0;ARS 0;ARS 206.250;ARS 0;ARS 0;23/12/24 17:00;26/12/24 17:00;3;SI;ARS 400.000;NO
2024-12-23 13:32:27.675947;COMPLETADA;Costa Rica 3966, Buenos Aires, Argentina;;mobi;ARS 50.000;ARS 50.000;ARS 100.000;ARS 8.500;ARS 11.000;ARS 0;ARS 11.800;ARS 0;ARS 0;ARS 131.300;ARS 0;ARS 0;24/12/24 12:00;26/12/24 12:00;2;SI;ARS 400.000;NO
2024-12-23 14:12:58.243797;COMPLETADA;Avenida Juan Bautista Justo 8324, Buenos Aires, Argentina;;Logan;ARS 70.000;ARS 60.000;ARS 320.000;ARS 27.200;ARS 27.500;ARS 0;ARS 0;ARS 0;ARS 0;ARS 318.496;ARS 0;ARS 0;28/12/24 12:30;2/1/25 12:30;5;SI;ARS 400.000;NO
2024-12-23 14:54:01.398368;COMPLETADA;Costa Rica 3966, Buenos Aires, Argentina;;mobi;ARS 50.000;ARS 50.000;ARS 250.000;ARS 21.250;ARS 27.500;ARS 0;ARS 29.500;ARS 0;ARS 0;ARS 393.900;ARS 0;ARS 0;10/1/25 9:00;16/1/25 9:00;5;SI;ARS 400.000;NO
2024-12-23 16:31:07.775988;COMPLETADA;Avenida Juan Bautista Justo 8324, Buenos Aires, Argentina;;208;ARS 75.000;ARS 60.000;ARS 580.000;ARS 49.300;ARS 49.500;ARS 0;ARS 0;ARS 0;ARS 0;ARS 667.950;ARS 0;ARS 0;29/12/24 11:30;7/1/25 11:30;9;SI;ARS 400.000;NO
2024-12-23 18:14:19.762156;COMPLETADA;Mendoza, Capital Department, Mendoza Province, Argentina;;mobi;ARS 47.250;ARS 45.000;ARS 80.000;ARS 7.650;ARS 11.000;ARS 0;ARS 11.800;ARS 0;ARS 0;ARS 101.530;ARS 0;ARS 0;25/12/24 10:00;26/12/24 19:00;2;SI;ARS 400.000;NO
2024-12-24 13:32:53.427072;COMPLETADA;Costa Rica 3966, ADB, Buenos Aires, Argentina;;Siena;ARS 65.000;ARS 65.000;ARS 390.000;ARS 33.150;ARS 33.000;ARS 30.000;ARS 0;ARS 0;ARS 0;ARS 486.150;ARS 0;ARS 0;2/1/25 14:00;8/1/25 14:00;6;SI;ARS 400.000;NO
2024-12-24 14:07:13.918422;COMPLETADA;20 de Febrero 698, San Carlos de Bariloche, Río Negro Province, Argentina;;Cronos  1.3;ARS 60.000;ARS 60.000;ARS 600.000;ARS 51.000;ARS 55.000;ARS 0;ARS 0;ARS 0;ARS 0;ARS 760.250;ARS 0;ARS 0;29/12/24 14:00;8/1/25 14:00;10;SI;ARS 400.000;NO
2024-12-26 12:06:52.198258;COMPLETADA;Vidal 1691, Buenos Aires, Argentina;;Logan;ARS 65.000;ARS 55.000;ARS 275.000;ARS 23.375;ARS 27.500;ARS 25.000;ARS 0;ARS 0;ARS 0;ARS 340.200;ARS 0;ARS 0;13/1/25 8:00;18/1/25 10:00;5;SI;ARS 400.000;NO
2024-12-26 13:01:12.494156;COMPLETADA;Costa Rica 3966, Buenos Aires, Argentina;;mobi;ARS 50.000;ARS 50.000;ARS 250.000;ARS 21.250;ARS 27.500;ARS 0;ARS 29.500;ARS 0;ARS 0;ARS 357.750;ARS 0;ARS 0;30/12/24 9:00;4/1/25 9:00;5;SI;ARS 400.000;NO
2024-12-26 14:44:53.811009;COMPLETADA;Rivadavia 745, Cañuelas, Buenos Aires Province, Argentina;;Onix;ARS 60.000;ARS 60.000;ARS 300.000;ARS 25.500;ARS 27.500;ARS 0;ARS 0;ARS 0;ARS 0;ARS 353.000;ARS 0;ARS 0;29/12/24 10:00;3/1/25 10:00;5;SI;ARS 400.000;NO
2024-12-26 16:34:18.572224;COMPLETADA;Puerto Madero, Buenos Aires, Argentina;;2008 1.6 FELINE TIPTRONIC L/19;ARS 75.000;ARS 75.000;ARS 225.000;ARS 19.125;ARS 16.500;ARS 15.000;ARS 0;ARS 0;ARS 0;ARS 275.625;ARS 0;ARS 0;30/12/24 19:00;2/1/25 19:00;3;SI;ARS 400.000;NO
2024-12-26 16:37:04.405780;COMPLETADA;Puerto Madero, Buenos Aires, Argentina;;2008 1.6 FELINE TIPTRONIC L/19;ARS 75.000;ARS 75.000;ARS 225.000;ARS 19.125;ARS 16.500;ARS 0;ARS 0;ARS 0;ARS 0;ARS 260.625;ARS 0;ARS 0;27/12/24 10:00;30/12/24 10:00;3;SI;ARS 400.000;NO
2024-12-26 16:56:51.216464;COMPLETADA;Costa Rica 3966, Buenos Aires, Argentina;;Palio;ARS 50.000;ARS 50.000;ARS 350.000;ARS 29.750;ARS 38.500;ARS 0;ARS 0;ARS 0;ARS 0;ARS 376.000;ARS 0;ARS 0;27/12/24 14:00;3/1/25 14:00;7;SI;ARS 400.000;NO
2024-12-26 17:23:47.007164;COMPLETADA;Costa Rica 3966, Buenos Aires, Argentina;;Palio;ARS 50.000;ARS 50.000;ARS 350.000;ARS 29.750;ARS 38.500;ARS 0;ARS 0;ARS 0;ARS 0;ARS 459.550;ARS 0;ARS 0;4/1/25 12:00;11/1/25 12:00;7;SI;ARS 400.000;NO
2024-12-26 21:30:03.622086;COMPLETADA;Virrey del Pino 4130, Buenos Aires, Argentina;;208;ARS 70.000;ARS 70.000;ARS 655.000;ARS 55.675;ARS 49.500;ARS 0;ARS 72.000;ARS 0;ARS 0;ARS 821.325;ARS 0;ARS 0;27/12/24 10:00;4/1/25 18:00;9;SI;ARS 600.000;NO
2024-12-27 02:23:17.263242;COMPLETADA;Aeropuerto Santiago del Estero / Vcom. Angel de la Paz Aragonés (SDE - SANE), Honduras, Santiago del Estero, Santiago del Estero Province, Argentina;WEB;Palio;ARS 55.000;ARS 55.000;ARS 110.000;ARS 9.350;ARS 11.000;ARS 0;ARS 0;ARS 0;ARS 0;ARS 195.525;ARS 0;ARS 0;30/12/24 22:30;2/1/25 9:00;3;SI;ARS 400.000;NO
2024-12-27 10:14:49.550548;COMPLETADA;Costa Rica 3966, Buenos Aires, Argentina;;Palio;ARS 50.000;ARS 41.500;ARS 290.500;ARS 24.692;ARS 38.500;ARS 0;ARS 0;ARS 0;ARS 0;ARS 350.000;ARS 0;ARS 0;12/1/25 10:00;20/1/25 10:00;7;SI;ARS 400.000;NO
2024-12-27 10:42:56.737492;COMPLETADA;Recoleta, Buenos Aires, Argentina;;Etios;ARS 55.000;ARS 50.000;ARS 100.000;ARS 8.500;ARS 11.000;ARS 0;ARS 0;ARS 0;ARS 0;ARS 119.500;ARS 0;ARS 0;31/12/24 11:00;2/1/25 11:00;2;SI;ARS 400.000;NO
2024-12-27 11:27:20.166941;COMPLETADA;9 de Julio 955, Quilmes, Buenos Aires Province, Argentina;;308 1.6 ALLURE;ARS 70.000;ARS 65.000;ARS 325.000;ARS 27.625;ARS 27.500;ARS 0;ARS 0;ARS 0;ARS 0;ARS 380.125;ARS 0;ARS 0;31/12/24 12:00;6/1/25 12:00;5;SI;ARS 400.000;NO
2024-12-27 12:11:08.745837;COMPLETADA;Costa Rica 3966, Buenos Aires, Argentina;;ECO SPORT 1.5  S L/13;ARS 73.000;ARS 64.000;ARS 640.000;ARS 54.400;ARS 55.000;ARS 0;ARS 59.000;ARS 0;ARS 0;ARS 800.000;ARS 0;ARS 0;3/1/25 9:30;13/1/25 9:30;10;SI;ARS 400.000;NO
2024-12-27 12:21:50.347998;COMPLETADA;Costa Rica 3966, Buenos Aires, Argentina;;Gol;ARS 45.000;ARS 45.000;ARS 315.000;ARS 0;ARS 38.500;ARS 0;ARS 41.300;ARS 0;ARS 0;ARS 459.550;ARS 0;ARS 0;27/12/24 13:00;3/1/25 13:00;7;SI;ARS 400.000;NO
2024-12-27 12:28:24.078337;COMPLETADA;Costa Rica 3966, Buenos Aires, Argentina;;Gol;ARS 45.000;ARS 45.000;ARS 315.000;ARS 0;ARS 38.500;ARS 0;ARS 0;ARS 0;ARS 0;ARS 459.550;ARS 0;ARS 0;4/1/25 12:00;11/1/25 12:00;7;SI;ARS 400.000;NO
2024-12-27 15:51:53.593510;COMPLETADA;Pedro Monti 1756, Ingeniero Adolfo Sourdeaux, Buenos Aires Province, Argentina;;Cronos  1.3;ARS 60.000;ARS 60.000;ARS 320.000;ARS 27.200;ARS 27.500;ARS 0;ARS 7.800;ARS 0;ARS 0;ARS 382.500;ARS 0;ARS 0;28/12/24 9:00;5/1/25 9:00;5;SI;ARS 400.000;NO
2024-12-27 16:33:33.624130;COMPLETADA;Recoleta, Buenos Aires, Argentina;;Etios;ARS 55.000;ARS 50.000;ARS 360.000;ARS 30.600;ARS 38.500;ARS 40.000;ARS 0;ARS 0;ARS 0;ARS 496.225;ARS 0;ARS 0;5/1/25 10:00;12/1/25 10:00;7;SI;ARS 400.000;NO
2024-12-27 17:02:37.077395;COMPLETADA;Villa Carlos Paz, Córdoba, Argentina;;208;ARS 60.000;ARS 55.000;ARS 275.000;ARS 23.375;ARS 27.500;ARS 0;ARS 0;ARS 0;ARS 0;ARS 300.000;ARS 0;ARS 0;2/1/25 14:00;7/1/25 14:00;5;SI;ARS 400.000;NO
2024-12-28 14:08:49.674677;COMPLETADA;Villa del Parque, Buenos Aires, Argentina;;Cronos  1.3;ARS 70.000;ARS 65.000;ARS 910.000;ARS 77.350;ARS 77.000;ARS 0;ARS 126.000;ARS 0;ARS 0;ARS 1.190.350;ARS 0;ARS 0;2/1/25 9:00;16/1/25 8:00;14;SI;ARS 400.000;NO
2024-12-29 08:21:24.884214;COMPLETADA;Costa Rica 3966, Buenos Aires, Argentina;;Cronos  1.3;ARS 55.000;ARS 55.000;ARS 385.000;ARS 32.725;ARS 38.500;ARS 0;ARS 41.300;ARS 0;ARS 0;ARS 497.525;ARS 0;ARS 0;29/12/24 12:00;5/1/25 12:00;7;SI;ARS 400.000;NO
2024-12-29 12:51:30.863002;COMPLETADA;Mendoza, Capital Department, Mendoza Province, Argentina;;Onix;ARS 40.000;ARS 40.000;ARS 240.000;ARS 20.400;ARS 33.000;ARS 0;ARS 0;ARS 0;ARS 0;ARS 325.950;ARS 0;ARS 0;29/12/24 18:00;4/1/25 14:00;6;SI;ARS 400.000;NO
2024-12-30 09:57:08.032583;COMPLETADA;Costa Rica 3966, Buenos Aires, Argentina;;Logan;ARS 55.000;ARS 55.000;ARS 495.000;ARS 42.075;ARS 49.500;ARS 0;ARS 81.000;ARS 0;ARS 0;ARS 720.675;ARS 0;ARS 0;30/12/24 11:00;8/1/25 11:00;9;SI;ARS 400.000;NO
2024-12-30 14:24:08.408856;COMPLETADA;México 880, Buenos Aires, Argentina;;RENEGADE 1.8 4X2 SPORT;ARS 90.000;ARS 85.000;ARS 340.000;ARS 28.900;ARS 22.000;ARS 0;ARS 36.000;ARS 0;ARS 0;ARS 426.900;ARS 0;ARS 0;2/1/25 8:00;6/1/25 8:00;4;SI;ARS 600.000;NO
2024-12-30 18:04:09.590325;COMPLETADA;Charcas 4040, Buenos Aires, Argentina;;Kangoo;ARS 70.000;ARS 65.000;ARS 455.000;ARS 38.675;ARS 38.500;ARS 0;ARS 0;ARS 0;ARS 0;ARS 532.175;ARS 0;ARS 0;28/12/24 13:00;4/1/25 13:00;7;SI;ARS 400.000;NO
2024-12-30 18:07:28.067283;COMPLETADA;Vicente López 2305, Buenos Aires, Argentina;;Focus;ARS 65.000;ARS 65.000;ARS 195.000;ARS 16.575;ARS 16.500;ARS 0;ARS 27.000;ARS 0;ARS 0;ARS 255.075;ARS 0;ARS 0;30/12/24 18:20;2/1/25 18:20;3;SI;ARS 400.000;NO
2024-12-30 18:17:09.059183;COMPLETADA;Mendoza, Capital Department, Mendoza Province, Argentina;;208;ARS 57.750;ARS 55.000;ARS 110.000;ARS 9.350;ARS 11.000;ARS 0;ARS 18.000;ARS 0;ARS 0;ARS 140.450;ARS 0;ARS 0;31/12/24 13:00;2/1/25 13:00;2;SI;ARS 400.000;NO
2024-12-31 12:12:57.241571;COMPLETADA;Brasilia 460, San Carlos de Bariloche, Río Negro Province, Argentina;;Onix;ARS 55.000;ARS 50.000;ARS 250.000;ARS 21.250;ARS 27.500;ARS 0;ARS 36.000;ARS 0;ARS 20.000;ARS 354.750;ARS 0;ARS 0;8/1/25 9:00;12/1/25 21:00;5;SI;ARS 400.000;NO
2024-12-31 14:22:06.411742;COMPLETADA;Bolívar 355, Buenos Aires, Argentina;;Logan;ARS 60.000;ARS 65.000;ARS 455.000;ARS 38.675;ARS 38.500;ARS 0;ARS 5.500;ARS 0;ARS 0;ARS 532.175;ARS 532.175;ARS 0;2/1/25 18:00;9/1/25 18:00;8;SI;ARS 400.000;NO
2025-01-02 12:15:28.309451;COMPLETADA;Brasilia 460, San Carlos de Bariloche, Río Negro Province, Argentina;APP;Onix;ARS 55.000;ARS 50.000;ARS 200.000;ARS 17.000;ARS 22.000;ARS 20.000;ARS 0;ARS 0;ARS 0;ARS 259.000;ARS 0;ARS 0;3/1/25 15:00;7/1/25 17:00;4;SI;ARS 400.000;NO
2025-01-02 14:41:28.410386;COMPLETADA;Costa Rica 3966, Buenos Aires, Argentina;;208;ARS 72.000;ARS 65.000;ARS 975.000;ARS 82.875;ARS 82.500;ARS 0;ARS 135.000;ARS 0;ARS 0;ARS 1.275.375;ARS 0;ARS 0;2/1/25 15:00;17/1/25 15:00;15;SI;ARS 400.000;NO
2025-01-02 16:12:42.018970;COMPLETADA;Puerto Madero, Buenos Aires, Argentina;;2008 1.6 FELINE TIPTRONIC L/19;ARS 75.000;ARS 75.000;ARS 225.000;ARS 19.125;ARS 16.500;ARS 0;ARS 27.000;ARS 0;ARS 0;ARS 287.625;ARS 0;ARS 0;3/1/25 8:00;6/1/25 8:00;3;SI;ARS 400.000;NO
2025-01-02 20:35:43.581561;COMPLETADA;Costa Rica 3966, Buenos Aires, Argentina;;TUCSON 2.0 4X4;ARS 110.000;ARS 110.000;ARS 660.000;ARS 56.100;ARS 33.000;ARS 0;ARS 0;ARS 0;ARS 0;ARS 784.500;ARS 0;ARS 0;2/1/25 11:00;8/1/25 11:00;6;SI;ARS 400.000;NO
2025-01-03 09:29:23.868445;COMPLETADA;Avenida Juan Bautista Justo 8324, Buenos Aires, Argentina;;Logan;ARS 70.000;ARS 65.000;ARS 982.500;ARS 75.225;ARS 71.500;ARS 0;ARS 5.500;ARS 0;ARS 0;ARS 953.100;ARS 0;ARS 0;4/1/25 14:00;17/1/25 18:00;14;SI;ARS 400.000;NO
2025-01-03 11:23:04.080173;COMPLETADA;Av. Bartolomé Mitre 40, San Rafael, Mendoza Province, Argentina;APP;Kwid;ARS 50.000;ARS 45.000;ARS 135.000;ARS 11.475;ARS 16.500;ARS 0;ARS 0;ARS 0;ARS 0;ARS 162.975;ARS 0;ARS 0;3/1/25 12:00;5/1/25 18:00;3;SI;ARS 400.000;NO
2025-01-03 13:06:36.936668;COMPLETADA;Alto Alberdi, Córdoba Capital, Argentina;;Etios;ARS 65.000;ARS 65.000;ARS 520.000;ARS 44.200;ARS 44.000;ARS 0;ARS 0;ARS 0;ARS 0;ARS 535.000;ARS 0;ARS 0;3/1/25 15:30;11/1/25 15:30;8;SI;ARS 400.000;NO
2025-01-04 13:17:10.625660;COMPLETADA;Benjamín Matienzo 1431, Godoy Cruz, Mendoza, Argentina;;Etios;ARS 40.000;ARS 40.000;ARS 320.000;ARS 27.200;ARS 44.000;ARS 0;ARS 0;ARS 15.000;ARS 0;ARS 406.200;ARS 0;ARS 0;7/1/25 15:30;16/1/25 19:30;8;SI;ARS 400.000;NO
2025-01-04 13:33:32.157015;COMPLETADA;Charcas 4040, Buenos Aires, Argentina;;Kangoo;ARS 70.000;ARS 70.000;ARS 140.000;ARS 41.650;ARS 38.500;ARS 0;ARS 0;ARS 0;ARS 0;ARS 162.900;ARS 0;ARS 0;4/1/25 14:00;6/1/25 14:00;7;SI;ARS 400.000;NO
2025-01-06 11:56:52.979627;COMPLETADA;Aeropuerto Santiago del Estero / Vcom. Angel de la Paz Aragonés (SDE - SANE), Honduras, Santiago del Estero, Santiago del Estero Province, Argentina;;HILUX L/21 2.4 DC 4X2 TDI DX;ARS 155.000;ARS 155.000;ARS 155.000;ARS 13.175;ARS 5.500;ARS 0;ARS 0;ARS 0;ARS 0;ARS 173.675;ARS 0;ARS 0;6/1/25 20:00;7/1/25 20:00;1;SI;ARS 400.000;NO
2025-01-06 15:33:02.539027;COMPLETADA;Costa Rica 3966, Buenos Aires, Argentina;;Palio;ARS 50.000;ARS 45.500;ARS 318.500;ARS 27.072;ARS 38.500;ARS 0;ARS 63.000;ARS 0;ARS 0;ARS 449.000;ARS 50.000;ARS 0;26/1/25 15:00;2/2/25 15:00;7;SI;ARS 400.000;NO
2025-01-07 11:49:17.852496;COMPLETADA;Vidal 1691, Buenos Aires, Argentina;;Logan;ARS 65.000;ARS 55.000;ARS 495.000;ARS 42.075;ARS 49.500;ARS 0;ARS 40.000;ARS 0;ARS 0;ARS 626.000;ARS 0;ARS 0;31/1/25 15:00;9/2/25 15:00;9;SI;ARS 400.000;NO
2025-01-07 12:44:58.036834;COMPLETADA;Costa Rica 3966, Buenos Aires, Argentina;;mobi;ARS 50.000;ARS 50.000;ARS 100.000;ARS 8.500;ARS 11.000;ARS 0;ARS 18.000;ARS 0;ARS 0;ARS 148.350;ARS 0;ARS 0;18/1/25 9:00;20/1/25 9:00;2;SI;ARS 400.000;NO
2025-01-07 14:47:23.777553;COMPLETADA;Avenida Patricias Argentinas 111, CABA, Buenos Aires, Argentina;;Cronos  1.3;ARS 60.000;ARS 60.000;ARS 600.000;ARS 51.000;ARS 55.000;ARS 0;ARS 0;ARS 0;ARS 0;ARS 706.000;ARS 0;ARS 0;10/1/25 10:00;20/1/25 10:00;10;SI;ARS 400.000;NO
2025-01-07 15:58:26.501497;COMPLETADA;Charcas 4040, Buenos Aires, Argentina;;Logan;ARS 80.000;ARS 65.000;ARS 585.000;ARS 49.725;ARS 49.500;ARS 0;ARS 81.000;ARS 0;ARS 0;ARS 765.225;ARS 85.025;ARS 0;13/1/25 18:00;22/1/25 18:00;9;SI;ARS 400.000;NO
2025-01-08 13:09:54.745229;COMPLETADA;20 de Febrero 698, San Carlos de Bariloche, Río Negro Province, Argentina;;Cronos  1.3;ARS 60.000;ARS 60.000;ARS 360.000;ARS 30.600;ARS 33.000;ARS 0;ARS 54.000;ARS 0;ARS 0;ARS 513.000;ARS 0;ARS 0;10/1/25 12:00;16/1/25 12:00;6;SI;ARS 400.000;NO
2025-01-08 16:29:47.637268;COMPLETADA;20 de Febrero 698, San Carlos de Bariloche, Río Negro Province, Argentina;;Cronos  1.3;ARS 60.000;ARS 60.000;ARS 420.000;ARS 35.700;ARS 38.500;ARS 0;ARS 0;ARS 20.000;ARS 20.000;ARS 534.200;ARS 0;ARS 0;17/1/25 15:00;24/1/25 12:30;7;SI;ARS 400.000;NO
2025-01-08 17:20:01.635312;COMPLETADA;Buenos Aires;;ECO SPORT 1.5 S L/18;ARS 82.000;ARS 80.000;ARS 640.000;ARS 44.200;ARS 44.000;ARS 0;ARS 0;ARS 0;ARS 0;ARS 893.464;ARS 0;ARS 0;10/1/25 10:00;18/1/25 10:00;8;SI;ARS 400.000;NO
2025-01-08 17:39:27.590378;COMPLETADA;Costa Rica 3966, ADB, Buenos Aires, Argentina;;Siena;ARS 65.000;ARS 65.000;ARS 325.000;ARS 27.625;ARS 27.500;ARS 0;ARS 0;ARS 0;ARS 0;ARS 380.125;ARS 0;ARS 0;16/1/25 17:00;21/1/25 17:00;5;SI;ARS 400.000;NO
2025-01-09 10:46:06.794574;COMPLETADA;Doblas 248 PISO 8 B , Caballito, CABA;;208;ARS 70.000;ARS 58.000;ARS 290.000;ARS 24.650;ARS 27.500;ARS 0;ARS 0;ARS 0;ARS 0;ARS 363.850;ARS 0;ARS 0;15/1/25 15:00;20/1/25 15:00;5;SI;ARS 400.000;NO
2025-01-09 12:47:04.879912;COMPLETADA;Bariloche, Río Negro Province, Argentina;;Sandero;ARS 55.000;ARS 60.000;ARS 240.000;ARS 20.400;ARS 22.000;ARS 0;ARS 27.000;ARS 0;ARS 0;ARS 309.400;ARS 0;ARS 0;14/1/25 9:00;17/1/25 18:00;4;SI;ARS 400.000;NO
2025-01-11 16:40:47.401793;COMPLETADA;Bolívar 355, Buenos Aires, Argentina;;Logan;ARS 60.000;ARS 60.000;ARS 420.000;ARS 35.700;ARS 38.500;ARS 0;ARS 63.000;ARS 0;ARS 0;ARS 557.200;ARS 70.000;ARS 0;3/2/25 19:00;10/2/25 19:00;7;SI;ARS 400.000;NO
2025-01-12 18:41:17.853251;COMPLETADA;Av. Patria 500, Córdoba, Córdoba Province, Argentina;APP;2008 1.6 SPORT THP;ARS 65.000;ARS 50.000;ARS 350.000;ARS 29.750;ARS 38.500;ARS 0;ARS 63.000;ARS 15.000;ARS 15.000;ARS 511.250;ARS 0;ARS 0;9/2/25 16:30;16/2/25 10:30;7;SI;ARS 400.000;NO
2025-01-13 10:06:19.058061;COMPLETADA;Amenábar 3807, Buenos Aires, Argentina;;Cronos  1.3;ARS 67.500;ARS 67.500;ARS 607.500;ARS 51.638;ARS 49.500;ARS 0;ARS 81.000;ARS 0;ARS 0;ARS 766.933;ARS 0;ARS 0;13/1/25 18:00;22/1/25 18:00;9;SI;ARS 400.000;NO
2025-01-13 10:45:38.406138;COMPLETADA;Costa Rica 3966, Buenos Aires, Argentina;;ECO SPORT 1.5  S L/13;ARS 73.000;ARS 64.000;ARS 680.000;ARS 43.520;ARS 44.000;ARS 0;ARS 0;ARS 0;ARS 0;ARS 599.520;ARS 0;ARS 0;19/1/25 9:00;27/1/25 9:00;8;SI;ARS 400.000;NO
2025-01-13 13:54:51.294554;COMPLETADA;Costa Rica 3966, Buenos Aires, Argentina;;mobi;ARS 50.000;ARS 50.000;ARS 250.000;ARS 21.250;ARS 27.500;ARS 0;ARS 0;ARS 0;ARS 0;ARS 328.250;ARS 0;ARS 0;20/1/25 12:00;25/1/25 12:00;5;SI;ARS 400.000;NO
2025-01-13 16:12:10.888577;COMPLETADA;Mendoza, Capital Department, Mendoza Province, Argentina;;mobi;ARS 52.500;ARS 50.000;ARS 100.000;ARS 8.500;ARS 11.000;ARS 0;ARS 18.000;ARS 0;ARS 0;ARS 137.500;ARS 0;ARS 0;14/1/25 10:00;16/1/25 10:00;2;SI;ARS 400.000;NO
2025-01-14 09:27:08.908623;COMPLETADA;Aeropuerto Tte. Benjamín Matienzo, Avenida Santiago Gallo, San Miguel de Tucumán, Tucumán Province, Argentina;;Spin;ARS 129.000;ARS 100.000;ARS 903.000;ARS 76.755;ARS 38.500;ARS 0;ARS 0;ARS 0;ARS 0;ARS 873.950;ARS 0;ARS 0;14/1/25 11:30;21/1/25 11:30;7;SI;ARS 400.000;NO
2025-01-14 12:01:13.202054;COMPLETADA;Vallejos 4090, Villa Devoto, Capital Federal, Argentina;;AGILE 1.4 LT;ARS 55.000;ARS 50.000;ARS 350.000;ARS 25.500;ARS 33.000;ARS 0;ARS 0;ARS 0;ARS 0;ARS 418.250;ARS 120.000;ARS 0;19/1/25 8:00;25/1/25 20:00;6;SI;ARS 400.000;NO
2025-01-14 14:35:33.101526;COMPLETADA;Mendoza, Capital Department, Mendoza Province, Argentina;;KA;ARS 52.500;ARS 50.000;ARS 250.000;ARS 21.250;ARS 27.500;ARS 0;ARS 45.000;ARS 0;ARS 0;ARS 340.312;ARS 0;ARS 0;15/1/25 9:30;20/1/25 11:30;5;SI;ARS 400.000;NO
2025-01-14 16:53:08.753065;COMPLETADA;Costa Rica 3966, Buenos Aires, Argentina;;mobi;ARS 55.000;ARS 55.000;ARS 220.000;ARS 18.700;ARS 22.000;ARS 0;ARS 36.000;ARS 0;ARS 0;ARS 296.700;ARS 0;ARS 0;14/1/25 18:00;18/1/25 18:00;4;SI;ARS 400.000;NO
2025-01-15 10:50:32.167651;COMPLETADA;México 880, Buenos Aires, Argentina;;RENEGADE 1.8 4X2 SPORT;ARS 90.000;ARS 65.000;ARS 195.000;ARS 16.575;ARS 16.500;ARS 0;ARS 0;ARS 0;ARS 0;ARS 228.075;ARS 0;ARS 0;17/1/25 13:00;21/1/25 8:00;3;SI;ARS 500.000;NO
2025-01-15 14:54:55.015417;COMPLETADA;Costa Rica 3966, Buenos Aires, Argentina;;Palio;ARS 50.000;ARS 47.000;ARS 423.000;ARS 35.955;ARS 49.500;ARS 45.000;ARS 0;ARS 0;ARS 0;ARS 575.155;ARS 50.000;ARS 0;8/2/25 10:00;17/2/25 16:00;9;SI;ARS 400.000;NO
2025-01-15 15:45:15.053745;COMPLETADA;Vallejos 4090, Villa Devoto, Capital Federal, Argentina;;AGILE 1.4 LT;ARS 55.000;ARS 50.000;ARS 100.000;ARS 8.500;ARS 11.000;ARS 0;ARS 0;ARS 0;ARS 0;ARS 119.500;ARS 0;ARS 0;15/1/25 18:00;17/1/25 18:00;2;SI;ARS 400.000;NO
2025-01-16 10:48:45.337707;COMPLETADA;Costa Rica 3966, Buenos Aires, Argentina;;mobi;ARS 50.000;ARS 50.000;ARS 250.000;ARS 21.250;ARS 27.500;ARS 0;ARS 0;ARS 0;ARS 0;ARS 325.875;ARS 0;ARS 0;31/1/25 9:00;5/2/25 9:00;5;SI;ARS 400.000;NO
2025-01-16 10:58:20.964455;COMPLETADA;Santiago del Estero, Santiago del Estero Province, Argentina;;Etios;ARS 65.000;ARS 55.000;ARS 165.000;ARS 14.025;ARS 16.500;ARS 0;ARS 18.000;ARS 0;ARS 0;ARS 213.525;ARS 0;ARS 0;17/1/25 10:00;19/1/25 21:00;3;SI;ARS 400.000;NO
2025-01-16 15:25:19.406156;COMPLETADA;Amenábar 3807, Buenos Aires, Argentina;;Spin;ARS 116.000;ARS 136.000;ARS 696.000;ARS 59.160;ARS 33.000;ARS 0;ARS 54.000;ARS 0;ARS 0;ARS 972.000;ARS 0;ARS 0;17/1/25 9:00;23/1/25 9:00;6;SI;ARS 600.000;NO
2025-01-16 15:35:06.210978;COMPLETADA;CABA, Buenos Aires, Argentina;;Cronos  1.3;ARS 65.000;ARS 65.000;ARS 585.000;ARS 49.725;ARS 49.500;ARS 0;ARS 0;ARS 0;ARS 0;ARS 684.225;ARS 152.050;ARS 0;16/2/25 10:00;25/2/25 10:00;9;SI;ARS 400.000;NO
2025-01-16 21:22:26.448617;COMPLETADA;Costa Rica 3966, Buenos Aires, Argentina;WEB;208;ARS 72.000;ARS 65.000;ARS 325.000;ARS 27.625;ARS 27.500;ARS 25.000;ARS 0;ARS 0;ARS 0;ARS 405.125;ARS 0;ARS 0;21/1/25 19:00;26/1/25 19:00;5;SI;ARS 400.000;NO
2025-01-18 12:33:57.591266;COMPLETADA;Costa Rica 3966, Buenos Aires, Argentina;;Gol Trend;ARS 41.050;ARS 60.000;ARS 1.800.000;ARS 153.000;ARS 165.000;ARS 0;ARS 0;ARS 0;ARS 0;ARS 1.500.000;ARS 0;ARS 0;16/1/25 12:00;15/2/25 12:00;30;SI;ARS 400.000;NO
2025-01-20 15:15:38.418963;COMPLETADA;Amenábar 3807, Buenos Aires, Argentina;;CAPTUR 2.0 ZEN;ARS 100.000;ARS 100.000;ARS 1.400.000;ARS 119.000;ARS 77.000;ARS 0;ARS 126.000;ARS 0;ARS 0;ARS 2.176.160;ARS 100.000;ARS 0;25/1/25 10:00;8/2/25 10:00;14;SI;ARS 600.000;NO
2025-01-21 09:35:56.443898;COMPLETADA;Córdoba, Argentina;;Palio;ARS 40.000;ARS 38.000;ARS 266.000;ARS 22.610;ARS 38.500;ARS 0;ARS 0;ARS 10.000;ARS 10.000;ARS 342.300;ARS 0;ARS 0;21/1/25 10:30;28/1/25 10:30;7;SI;ARS 400.000;NO
2025-01-21 14:57:20.679854;COMPLETADA;Pedro Monti 1756, Ingeniero Adolfo Sourdeaux, Buenos Aires Province, Argentina;;Cronos  1.3;ARS 60.000;ARS 65.000;ARS 390.000;ARS 27.625;ARS 27.500;ARS 0;ARS 45.000;ARS 0;ARS 0;ARS 433.627;ARS 0;ARS 0;2/2/25 10:00;8/2/25 10:00;5;SI;ARS 400.000;NO
2025-01-21 15:42:49.391984;COMPLETADA;Pedro Monti 1756, Ingeniero Adolfo Sourdeaux, Buenos Aires Province, Argentina;;Cronos  1.3;ARS 60.000;ARS 60.000;ARS 310.000;ARS 27.200;ARS 27.500;ARS 0;ARS 45.000;ARS 0;ARS 0;ARS 408.850;ARS 0;ARS 0;25/1/25 19:30;30/1/25 19:30;5;SI;ARS 400.000;NO
2025-01-21 16:15:47.606109;COMPLETADA;Aeropuerto Santiago del Estero / Vcom. Angel de la Paz Aragonés (SDE - SANE), Honduras, Santiago del Estero, Santiago del Estero Province, Argentina;;Palio;ARS 55.000;ARS 55.000;ARS 165.000;ARS 14.025;ARS 16.500;ARS 0;ARS 27.000;ARS 0;ARS 0;ARS 222.525;ARS 0;ARS 0;22/1/25 8:00;25/1/25 8:00;3;SI;ARS 400.000;NO
2025-01-21 16:39:35.576501;COMPLETADA;Costa Rica 3966, ADB, Buenos Aires, Argentina;APP;Kwid;ARS 45.000;ARS 45.000;ARS 1.080.000;ARS 91.800;ARS 132.000;ARS 120.000;ARS 0;ARS 0;ARS 0;ARS 1.423.800;ARS 0;ARS 0;31/1/25 14:30;24/2/25 12:00;24;SI;ARS 400.000;NO
2025-01-22 13:34:04.343555;COMPLETADA;Doblas 248 PISO 8 B , Caballito, CABA;;208;ARS 70.000;ARS 58.000;ARS 232.000;ARS 19.720;ARS 22.000;ARS 0;ARS 36.000;ARS 0;ARS 0;ARS 318.400;ARS 0;ARS 0;25/1/25 13:00;30/1/25 15:00;4;SI;ARS 400.000;NO
2025-01-22 14:35:51.311338;COMPLETADA;Charcas 4040, Buenos Aires, Argentina;;Logan;ARS 80.000;ARS 70.000;ARS 700.000;ARS 59.500;ARS 55.000;ARS 0;ARS 90.000;ARS 0;ARS 0;ARS 904.500;ARS 100.000;ARS 0;1/2/25 17:00;11/2/25 17:00;10;SI;ARS 400.000;NO
2025-01-23 10:55:47.182063;COMPLETADA;Campana;;Kicks;ARS 80.000;ARS 75.000;ARS 600.000;ARS 69.000;ARS 44.000;ARS 0;ARS 72.000;ARS 0;ARS 0;ARS 785.000;ARS 0;ARS 0;23/1/25 22:00;31/1/25 22:00;8;SI;ARS 600.000;NO
2025-01-23 11:24:48.064500;COMPLETADA;Charcas 4040, Buenos Aires, Argentina;;Logan;ARS 80.000;ARS 65.000;ARS 325.000;ARS 37.375;ARS 27.500;ARS 0;ARS 45.000;ARS 0;ARS 0;ARS 352.644;ARS 0;ARS 0;23/1/25 18:00;28/1/25 18:00;5;SI;ARS 400.000;NO
2025-01-23 11:30:40.521611;COMPLETADA;México 880, Buenos Aires, Argentina;;RENEGADE 1.8 4X2 SPORT;ARS 90.000;ARS 70.000;ARS 1.470.000;ARS 169.050;ARS 115.500;ARS 0;ARS 189.000;ARS 0;ARS 0;ARS 1.976.625;ARS 0;ARS 0;24/1/25 9:00;14/2/25 9:00;21;SI;ARS 400.000;NO
2025-01-24 11:47:11.735219;COMPLETADA;Amenábar 3807, Buenos Aires, Argentina;;Fiesta;ARS 75.000;ARS 60.000;ARS 480.000;ARS 55.200;ARS 44.000;ARS 40.000;ARS 0;ARS 0;ARS 0;ARS 648.000;ARS 0;ARS 0;6/2/25 16:00;14/2/25 16:00;8;SI;ARS 400.000;NO
2025-01-25 09:55:04.452443;COMPLETADA;Aeropuerto Santiago del Estero / Vcom. Angel de la Paz Aragonés (SDE - SANE), Honduras, Santiago del Estero, Santiago del Estero Province, Argentina;;Palio;ARS 55.000;ARS 55.000;ARS 165.000;ARS 18.975;ARS 16.500;ARS 0;ARS 27.000;ARS 0;ARS 0;ARS 215.475;ARS 0;ARS 0;25/1/25 9:00;28/1/25 9:00;3;SI;ARS 400.000;NO
2025-01-25 10:32:29.849071;COMPLETADA;Plaza Independencia, Avenida 24 de Septiembre, San Miguel de Tucumán, Tucumán Province, Argentina;;Logan;ARS 75.000;ARS 59.000;ARS 295.000;ARS 33.925;ARS 27.500;ARS 0;ARS 45.000;ARS 0;ARS 0;ARS 401.425;ARS 160.570;ARS 0;28/2/25 10:00;5/3/25 10:00;5;SI;ARS 400.000;NO
2025-01-25 16:36:12.098378;COMPLETADA;Mendoza, Capital Department, Mendoza Province, Argentina;;mobi;ARS 47.250;ARS 47.250;ARS 283.500;ARS 32.602;ARS 33.000;ARS 0;ARS 0;ARS 0;ARS 0;ARS 296.250;ARS 0;ARS 0;28/1/25 8:00;2/2/25 18:00;6;SI;ARS 400.000;NO
2025-01-26 02:27:59.967643;COMPLETADA;Mercedes 274, Buenos Aires, Argentina;WEB;208;ARS 65.000;ARS 60.000;ARS 60.000;ARS 6.900;ARS 5.500;ARS 0;ARS 9.000;ARS 0;ARS 0;ARS 81.400;ARS 0;ARS 0;27/1/25 18:00;28/1/25 18:00;1;SI;ARS 400.000;NO
2025-01-27 09:58:33.466798;COMPLETADA;Vallejos 4090, Villa Devoto, Capital Federal, Argentina;;AGILE 1.4 LT;ARS 55.000;ARS 50.000;ARS 350.000;ARS 40.250;ARS 38.500;ARS 0;ARS 63.000;ARS 0;ARS 0;ARS 417.375;ARS 0;ARS 0;16/2/25 20:00;23/2/25 20:00;7;SI;ARS 400.000;NO
2025-01-27 15:09:35.864543;COMPLETADA;Costa Rica 3966, Buenos Aires, Argentina;;ECO SPORT 1.5  S L/13;ARS 73.000;ARS 74.000;ARS 222.000;ARS 25.530;ARS 16.500;ARS 0;ARS 27.000;ARS 0;ARS 0;ARS 265.000;ARS 0;ARS 0;28/1/25 15:00;31/1/25 17:00;3;SI;ARS 400.000;NO
2025-01-28 12:47:03.548665;COMPLETADA;Vicente López 2305, Buenos Aires, Argentina;;Focus;ARS 65.000;ARS 65.000;ARS 195.000;ARS 22.425;ARS 16.500;ARS 0;ARS 27.000;ARS 0;ARS 0;ARS 260.925;ARS 0;ARS 0;31/1/25 17:00;3/2/25 17:00;3;SI;ARS 400.000;NO
2025-01-28 18:16:40.561648;COMPLETADA;Mercedes 274, Buenos Aires, Argentina;APP;208;ARS 65.000;ARS 60.000;ARS 60.000;ARS 6.900;ARS 5.500;ARS 0;ARS 0;ARS 0;ARS 0;ARS 72.400;ARS 0;ARS 0;15/2/25 18:14;16/2/25 18:14;1;SI;ARS 400.000;NO
2025-01-29 12:00:35.517320;COMPLETADA;Vallejos 4090, Villa Devoto, Capital Federal, Argentina;;AGILE 1.4 LT;ARS 55.000;ARS 50.000;ARS 150.000;ARS 17.250;ARS 16.500;ARS 15.000;ARS 0;ARS 0;ARS 0;ARS 198.750;ARS 0;ARS 0;31/1/25 13:00;3/2/25 13:00;3;SI;ARS 400.000;NO
2025-01-29 12:05:17.824637;COMPLETADA;Gobernador Tello 987, Trelew, Chubut Province, Argentina;;Etios;ARS 71.000;ARS 62.000;ARS 128.000;ARS 14.720;ARS 11.000;ARS 0;ARS 18.000;ARS 0;ARS 0;ARS 171.720;ARS 0;ARS 0;1/2/25 9:30;2/2/25 21:30;2;SI;ARS 400.000;NO
2025-01-29 18:07:24.667953;COMPLETADA;Costa Rica 3966, Buenos Aires, Argentina;APP;Palio;ARS 50.000;ARS 47.000;ARS 188.000;ARS 21.620;ARS 22.000;ARS 20.000;ARS 0;ARS 0;ARS 0;ARS 251.620;ARS 0;ARS 0;28/2/25 17:00;4/3/25 17:00;4;SI;ARS 400.000;NO
2025-01-30 11:20:26.498382;COMPLETADA;Vicente López 2305, Buenos Aires, Argentina;;Focus;ARS 65.000;ARS 65.000;ARS 455.000;ARS 52.325;ARS 38.500;ARS 0;ARS 0;ARS 0;ARS 0;ARS 463.951;ARS 0;ARS 0;26/2/25 13:00;5/3/25 13:00;7;SI;ARS 600.000;NO
2025-01-30 13:31:50.421597;COMPLETADA;San Miguel de Tucumán;;C3 1.5I FEEL;ARS 50.000;ARS 50.000;ARS 250.000;ARS 28.750;ARS 27.500;ARS 0;ARS 0;ARS 20.000;ARS 20.000;ARS 346.250;ARS 0;ARS 0;22/2/25 8:00;26/2/25 17:30;5;SI;ARS 400.000;NO
2025-01-30 16:05:47.578376;COMPLETADA;México 880, Buenos Aires, Argentina;;RENEGADE 1.8 4X2 SPORT;ARS 90.000;ARS 70.000;ARS 350.000;ARS 40.250;ARS 27.500;ARS 0;ARS 45.000;ARS 0;ARS 0;ARS 462.750;ARS 0;ARS 0;28/2/25 18:00;5/3/25 18:00;5;SI;ARS 400.000;NO
2025-01-31 02:13:25.352997;COMPLETADA;Avenida Rivadavia 5627, Buenos Aires, Argentina;WEB;Polo;ARS 70.000;ARS 70.000;ARS 630.000;ARS 72.450;ARS 49.500;ARS 0;ARS 81.000;ARS 0;ARS 0;ARS 832.950;ARS 0;ARS 0;15/2/25 8:00;24/2/25 10:00;9;SI;ARS 500.000;NO
2025-01-31 10:48:13.221637;COMPLETADA;Campana;;Kicks;ARS 80.000;ARS 75.000;ARS 375.000;ARS 43.125;ARS 27.500;ARS 0;ARS 0;ARS 0;ARS 0;ARS 445.625;ARS 0;ARS 0;28/2/25 10:00;5/3/25 10:00;5;SI;ARS 400.000;NO
2025-01-31 11:38:18.554003;COMPLETADA;Av. Hipólito Yrigoyen 1458, San Salvador de Jujuy, Jujuy, Argentina;;Logan;ARS 65.000;ARS 65.000;ARS 345.000;ARS 39.675;ARS 27.500;ARS 0;ARS 0;ARS 0;ARS 0;ARS 350.000;ARS 0;ARS 0;31/1/25 20:30;5/2/25 20:30;5;SI;ARS 400.000;NO
2025-01-31 11:50:45.585518;COMPLETADA;Bolívar 355, Buenos Aires, Argentina;;Logan;ARS 60.000;ARS 60.000;ARS 300.000;ARS 34.500;ARS 27.500;ARS 0;ARS 0;ARS 0;ARS 0;ARS 325.800;ARS 0;ARS 0;20/2/25 12:00;25/2/25 12:00;5;SI;ARS 400.000;NO
2025-01-31 12:37:28.571581;COMPLETADA;Amenábar 3807, Buenos Aires, Argentina;;2008 1.6 FELINE;ARS 76.100;ARS 76.100;ARS 989.300;ARS 113.770;ARS 71.500;ARS 0;ARS 117.000;ARS 0;ARS 0;ARS 1.108.922;ARS 0;ARS 0;3/2/25 9:30;16/2/25 16:00;13;SI;ARS 400.000;NO
2025-01-31 13:37:39.369662;COMPLETADA;Av. Cabildo 3470, Buenos Aires, Argentina;;Logan;ARS 65.000;ARS 65.000;ARS 585.000;ARS 67.275;ARS 49.500;ARS 0;ARS 81.000;ARS 0;ARS 0;ARS 704.497;ARS 0;ARS 0;8/2/25 14:00;17/2/25 14:00;9;SI;ARS 400.000;NO
2025-01-31 15:39:17.418510;COMPLETADA;Charcas 4040, Buenos Aires, Argentina;;Logan;ARS 80.000;ARS 65.000;ARS 260.000;ARS 29.900;ARS 22.000;ARS 0;ARS 0;ARS 0;ARS 0;ARS 311.900;ARS 0;ARS 0;1/3/25 10:00;5/3/25 10:00;4;SI;ARS 400.000;NO
2025-01-31 16:02:19.185728;COMPLETADA;Doblas 248 PISO 8 B , Caballito, CABA;;208;ARS 70.000;ARS 58.000;ARS 464.000;ARS 53.360;ARS 44.000;ARS 0;ARS 0;ARS 0;ARS 0;ARS 560.000;ARS 0;ARS 0;2/2/25 10:00;10/2/25 10:00;8;SI;ARS 400.000;NO
2025-02-01 15:38:41.915963;COMPLETADA;AV. MAIPU 3090;;Cronos  1.3;ARS 67.500;ARS 67.500;ARS 405.000;ARS 46.575;ARS 33.000;ARS 0;ARS 54.000;ARS 0;ARS 0;ARS 526.485;ARS 0;ARS 0;2/2/25 19:00;8/2/25 19:00;6;SI;ARS 500.000;NO
2025-02-03 10:28:15.161881;COMPLETADA;Costa Rica 3966, Buenos Aires, Argentina;;208;ARS 72.000;ARS 65.000;ARS 520.000;ARS 59.800;ARS 44.000;ARS 0;ARS 0;ARS 0;ARS 0;ARS 623.800;ARS 0;ARS 0;11/2/25 10:00;19/2/25 17:00;8;SI;ARS 500.000;NO
2025-02-03 11:02:48.283167;COMPLETADA;Avenida Nicolás Avellaneda 521, San Miguel de Tucumán, Tucumán Province, Argentina;;208;ARS 55.000;ARS 55.000;ARS 220.000;ARS 25.300;ARS 22.000;ARS 0;ARS 46.000;ARS 0;ARS 0;ARS 313.300;ARS 0;ARS 0;6/2/25 10:00;10/2/25 12:00;4;SI;ARS 500.000;NO
2025-02-03 13:24:33.430410;COMPLETADA;Belgrano, Buenos Aires, Argentina;;Corolla;ARS 70.000;ARS 70.000;ARS 490.000;ARS 48.300;ARS 33.000;ARS 0;ARS 69.000;ARS 0;ARS 0;ARS 666.350;ARS 0;ARS 0;15/2/25 8:30;22/2/25 8:30;6;SI;ARS 700.000;NO
2025-02-03 14:57:18.210922;COMPLETADA;Vallejos 4090, Villa Devoto, Capital Federal, Argentina;;AGILE 1.4 LT;ARS 55.000;ARS 50.000;ARS 200.000;ARS 23.000;ARS 22.000;ARS 0;ARS 0;ARS 0;ARS 0;ARS 245.000;ARS 0;ARS 0;11/2/25 8:00;15/2/25 8:00;4;SI;ARS 500.000;NO
2025-02-03 16:24:21.229639;COMPLETADA;Benjamín Matienzo 1431, Godoy Cruz, Mendoza, Argentina;;408 1.6 HDI ALLURE;ARS 50.000;ARS 50.000;ARS 300.000;ARS 34.500;ARS 33.000;ARS 0;ARS 69.000;ARS 0;ARS 0;ARS 428.850;ARS 0;ARS 0;3/2/25 18:45;9/2/25 18:45;6;SI;ARS 500.000;NO
2025-02-04 13:09:58.981137;COMPLETADA;Ciudad de Mendoza, Capital Department, Mendoza Province, Argentina;;208;ARS 52.500;ARS 52.500;ARS 262.500;ARS 30.188;ARS 27.500;ARS 0;ARS 0;ARS 0;ARS 0;ARS 320.188;ARS 0;ARS 0;4/2/25 14:00;9/2/25 19:00;5;SI;ARS 500.000;NO
2025-02-04 14:07:13.978144;COMPLETADA;San Miguel de Tucumán;;Versa;ARS 85.000;ARS 80.000;ARS 240.000;ARS 27.600;ARS 16.500;ARS 0;ARS 34.500;ARS 10.000;ARS 10.000;ARS 338.600;ARS 0;ARS 0;20/2/25 14:00;23/2/25 15:00;3;SI;ARS 700.000;NO
2025-02-04 15:01:58.919563;COMPLETADA;Aeropuerto Tte. Benjamín Matienzo, Avenida Santiago Gallo, San Miguel de Tucumán, Tucumán Province, Argentina;;Cronos  1.3;ARS 50.000;ARS 50.000;ARS 650.000;ARS 74.750;ARS 71.500;ARS 0;ARS 0;ARS 0;ARS 0;ARS 780.000;ARS 0;ARS 0;4/2/25 18:00;17/2/25 18:00;13;SI;ARS 500.000;NO
2025-02-05 10:10:58.817893;COMPLETADA;Costa Rica 3966, Buenos Aires, Argentina;;mobi;ARS 50.000;ARS 50.000;ARS 50.000;ARS 5.750;ARS 5.500;ARS 0;ARS 0;ARS 0;ARS 0;ARS 66.825;ARS 0;ARS 0;8/2/25 8:20;9/2/25 9:00;1;SI;ARS 500.000;NO
2025-02-05 10:30:05.405717;COMPLETADA;Costa Rica 3966, Buenos Aires, Argentina;;208;ARS 72.000;ARS 65.000;ARS 65.000;ARS 7.475;ARS 5.500;ARS 0;ARS 0;ARS 0;ARS 0;ARS 77.975;ARS 0;ARS 0;5/2/25 10:40;5/2/25 10:55;1;SI;ARS 500.000;NO
2025-02-05 14:17:32.149243;COMPLETADA;Charcas 4040, Buenos Aires, Argentina;;Kangoo;ARS 70.000;ARS 70.000;ARS 560.000;ARS 64.400;ARS 44.000;ARS 0;ARS 72.000;ARS 0;ARS 0;ARS 723.600;ARS 0;ARS 0;8/2/25 16:00;16/2/25 19:00;8;SI;ARS 500.000;NO
2025-02-06 09:37:51.466424;COMPLETADA;Costa Rica 3966, ADB, Buenos Aires, Argentina;;Kwid;ARS 45.000;ARS 50.000;ARS 200.000;ARS 23.000;ARS 22.000;ARS 32.000;ARS 0;ARS 0;ARS 0;ARS 277.000;ARS 138.500;ARS 0;5/3/25 9:00;9/3/25 9:00;4;SI;ARS 500.000;NO
2025-02-06 10:56:11.760512;COMPLETADA;Mercedes 274, Buenos Aires, Argentina;APP;208;ARS 65.000;ARS 60.000;ARS 60.000;ARS 6.900;ARS 5.500;ARS 0;ARS 11.500;ARS 0;ARS 0;ARS 83.900;ARS 0;ARS 0;6/2/25 10:55;7/2/25 10:55;1;SI;ARS 500.000;NO
2025-02-06 13:54:48.753588;COMPLETADA;Avenida Patricias Argentinas 111, CABA, Buenos Aires, Argentina;;Cronos  1.3;ARS 60.000;ARS 60.000;ARS 300.000;ARS 34.500;ARS 27.500;ARS 0;ARS 57.500;ARS 0;ARS 0;ARS 419.500;ARS 0;ARS 0;12/2/25 9:00;17/2/25 9:00;5;SI;ARS 500.000;NO
2025-02-06 15:12:30.996849;COMPLETADA;Fisherton, Rosario, Santa Fe Province, Argentina;APP;CLIO MIO 1.2 5 P EXPRESSION PK2;ARS 55.000;ARS 50.000;ARS 200.000;ARS 28.750;ARS 27.500;ARS 0;ARS 46.000;ARS 0;ARS 0;ARS 291.000;ARS 0;ARS 0;28/2/25 15:00;4/3/25 15:00;5;SI;ARS 500.000;NO
2025-02-07 14:28:58.976451;COMPLETADA;Chacabuco 128, GMP, Mendoza Province, Argentina;;KA;ARS 55.000;ARS 60.000;ARS 180.000;ARS 20.700;ARS 16.500;ARS 0;ARS 34.500;ARS 0;ARS 0;ARS 251.700;ARS 0;ARS 0;13/2/25 7:00;16/2/25 7:00;3;SI;ARS 500.000;NO
2025-02-08 13:16:33.202467;COMPLETADA;Vicente López 2305, Buenos Aires, Argentina;;Focus;ARS 65.000;ARS 65.000;ARS 195.000;ARS 22.425;ARS 16.500;ARS 0;ARS 34.500;ARS 0;ARS 0;ARS 268.425;ARS 100.000;ARS 0;14/2/25 14:00;17/2/25 14:00;3;SI;ARS 700.000;NO
2025-02-08 14:36:29.253413;COMPLETADA;Costa Rica 3966, Buenos Aires, Argentina;APP;ECO SPORT 1.5  S L/13;ARS 73.000;ARS 74.000;ARS 148.000;ARS 17.020;ARS 11.000;ARS 0;ARS 0;ARS 0;ARS 0;ARS 176.020;ARS 0;ARS 0;8/2/25 14:36;10/2/25 14:36;2;SI;ARS 500.000;NO
2025-02-09 11:45:01.437528;COMPLETADA;Córdoba, Argentina;;Etios;ARS 45.000;ARS 42.000;ARS 210.000;ARS 23.000;ARS 27.500;ARS 0;ARS 57.500;ARS 0;ARS 0;ARS 335.875;ARS 0;ARS 0;10/2/25 9:00;15/2/25 9:00;5;SI;ARS 500.000;NO
2025-02-10 09:25:43.156772;COMPLETADA;Fisherton, Rosario, Santa Fe Province, Argentina;;CLIO MIO 1.2 5 P EXPRESSION PK2;ARS 55.000;ARS 55.000;ARS 220.000;ARS 25.300;ARS 22.000;ARS 0;ARS 46.000;ARS 0;ARS 0;ARS 313.300;ARS 156.650;ARS 0;22/2/25 19:00;26/2/25 19:00;4;SI;ARS 500.000;NO
2025-02-10 11:47:23.962219;COMPLETADA;San Miguel;;RENEGADE 1.8 4X2 SPORT;ARS 80.000;ARS 65.000;ARS 650.000;ARS 82.800;ARS 49.500;ARS 0;ARS 0;ARS 0;ARS 0;ARS 779.750;ARS 0;ARS 0;1/3/25 8:00;10/3/25 11:00;9;SI;ARS 500.000;NO
2025-02-10 13:31:31.691313;COMPLETADA;Doblas 248 PISO 8 B , Caballito, CABA;;208;ARS 70.000;ARS 58.000;ARS 540.000;ARS 60.030;ARS 49.500;ARS 0;ARS 0;ARS 0;ARS 0;ARS 635.400;ARS 130.350;ARS 0;16/2/25 12:00;25/2/25 12:00;9;SI;ARS 400.000;NO
2025-02-11 14:11:13.491871;COMPLETADA;Charcas 4040, Buenos Aires, Argentina;;Kangoo;ARS 70.000;ARS 70.000;ARS 490.000;ARS 56.350;ARS 38.500;ARS 0;ARS 80.500;ARS 0;ARS 0;ARS 671.265;ARS 0;ARS 0;28/2/25 12:00;7/3/25 12:00;7;SI;ARS 500.000;NO
2025-02-12 11:26:01.452054;COMPLETADA;Pedro Monti 1756, Ingeniero Adolfo Sourdeaux, Buenos Aires Province, Argentina;APP;Cronos  1.3;ARS 60.000;ARS 60.000;ARS 60.000;ARS 6.900;ARS 5.500;ARS 0;ARS 11.500;ARS 0;ARS 0;ARS 83.900;ARS 0;ARS 0;13/2/25 10:00;14/2/25 11:30;1;SI;ARS 500.000;NO
2025-02-13 12:14:18.567774;COMPLETADA;Plaza Independencia, Avenida 24 de Septiembre, San Miguel de Tucumán, Tucumán, Argentina;;Cronos  1.3;ARS 65.000;ARS 50.000;ARS 465.000;ARS 53.475;ARS 49.500;ARS 0;ARS 0;ARS 20.000;ARS 20.000;ARS 607.975;ARS 121.595;ARS 0;15/3/25 15:30;24/3/25 6:30;9;SI;ARS 500.000;NO
2025-02-13 13:52:02.380697;COMPLETADA;Carril Godoy Cruz (Guaymallén, Mendoza), Mendoza Province, Argentina;;Argo 1.8 HGT;ARS 59.000;ARS 59.000;ARS 236.000;ARS 27.140;ARS 22.000;ARS 0;ARS 0;ARS 15.000;ARS 15.000;ARS 319.600;ARS 0;ARS 0;16/2/25 22:20;20/2/25 9:20;4;SI;ARS 500.000;NO
2025-02-13 15:21:07.462197;COMPLETADA;Fisherton, Rosario, Santa Fe Province, Argentina;;CLIO MIO 1.2 5 P EXPRESSION PK2;ARS 55.000;ARS 60.000;ARS 275.000;ARS 31.625;ARS 27.500;ARS 40.000;ARS 0;ARS 0;ARS 0;ARS 402.000;ARS 0;ARS 0;14/2/25 13:00;19/2/25 13:00;5;SI;ARS 400.000;NO
2025-02-13 16:04:59.768750;COMPLETADA;Avenida Juan Bautista Justo 8324, Buenos Aires, Argentina;;208;ARS 75.000;ARS 60.000;ARS 180.000;ARS 20.700;ARS 16.500;ARS 0;ARS 34.500;ARS 0;ARS 0;ARS 251.700;ARS 0;ARS 0;19/2/25 16:00;22/2/25 16:00;3;SI;ARS 500.000;NO
2025-02-14 09:31:04.468167;COMPLETADA;Costa Rica 3966, Buenos Aires, Argentina;;ECO SPORT 1.5  S L/13;ARS 73.000;ARS 80.000;ARS 80.000;ARS 9.200;ARS 5.500;ARS 0;ARS 11.500;ARS 0;ARS 0;ARS 106.200;ARS 0;ARS 0;14/2/25 10:00;14/2/25 18:30;1;SI;ARS 700.000;NO
2025-02-14 14:23:27.860999;COMPLETADA;Buenos Aires;;Siena;ARS 50.000;ARS 50.000;ARS 250.000;ARS 28.750;ARS 27.500;ARS 0;ARS 45.000;ARS 0;ARS 0;ARS 325.000;ARS 0;ARS 0;21/2/25 11:00;26/2/25 11:00;5;SI;ARS 500.000;NO
2025-02-14 14:25:26.973370;COMPLETADA;Costa Rica 3966, Buenos Aires, Argentina;;mobi;ARS 50.000;ARS 50.000;ARS 700.000;ARS 80.500;ARS 77.000;ARS 0;ARS 0;ARS 0;ARS 0;ARS 984.750;ARS 0;ARS 0;14/2/25 14:30;1/3/25 14:30;14;SI;ARS 500.000;NO
2025-02-14 16:08:01.810428;COMPLETADA;Av. Cabildo 3470, Buenos Aires, Argentina;;Logan;ARS 65.000;ARS 65.000;ARS 260.000;ARS 29.900;ARS 22.000;ARS 0;ARS 0;ARS 0;ARS 0;ARS 311.900;ARS 0;ARS 0;1/3/25 9:00;4/3/25 19:00;4;SI;ARS 500.000;NO
2025-02-14 16:21:30.802203;COMPLETADA;Buenos Aires;;Siena;ARS 50.000;ARS 50.000;ARS 250.000;ARS 28.750;ARS 27.500;ARS 0;ARS 0;ARS 0;ARS 0;ARS 375.000;ARS 150.000;ARS 0;28/2/25 9:00;5/3/25 9:00;5;SI;ARS 500.000;NO
2025-02-14 17:05:26.412316;COMPLETADA;Costa Rica 3966, Buenos Aires, Argentina;;ECO SPORT 1.5  S L/13;ARS 73.000;ARS 75.000;ARS 75.000;ARS 8.625;ARS 5.500;ARS 0;ARS 11.500;ARS 0;ARS 3.000;ARS 100.625;ARS 0;ARS 0;14/2/25 19:00;15/2/25 19:00;1;SI;ARS 700.000;NO
2025-02-16 11:15:27.695298;COMPLETADA;Recoleta, Buenos Aires, Argentina;;A4 2.0 T L/06 QUATTRO;ARS 90.000;ARS 50.000;ARS 250.000;ARS 51.750;ARS 27.500;ARS 0;ARS 0;ARS 0;ARS 0;ARS 373.225;ARS 0;ARS 0;10/2/25 10:00;15/2/25 10:00;5;SI;ARS 500.000;NO
2025-02-17 12:09:11.503304;COMPLETADA;capital;;208;ARS 68.000;ARS 65.000;ARS 195.000;ARS 18.975;ARS 16.500;ARS 0;ARS 0;ARS 0;ARS 0;ARS 233.925;ARS 0;ARS 0;27/2/25 10:00;2/3/25 11:00;3;SI;ARS 500.000;NO
2025-02-17 13:48:45.854737;COMPLETADA;Córdoba, Argentina;;Etios;ARS 45.000;ARS 45.000;ARS 225.000;ARS 25.875;ARS 27.500;ARS 0;ARS 0;ARS 0;ARS 0;ARS 217.375;ARS 0;ARS 0;18/2/25 13:00;22/2/25 20:00;5;SI;ARS 500.000;NO
2025-02-17 13:51:40.594359;COMPLETADA;Avenida Patricias Argentinas 111, CABA, Buenos Aires, Argentina;;Cronos  1.3;ARS 60.000;ARS 60.000;ARS 180.000;ARS 20.700;ARS 16.500;ARS 0;ARS 0;ARS 0;ARS 0;ARS 217.200;ARS 0;ARS 0;21/2/25 16:00;24/2/25 16:00;3;SI;ARS 500.000;NO
2025-02-17 16:12:20.286171;COMPLETADA;Costa Rica 3966, Buenos Aires, Argentina;;Gol Trend;ARS 41.050;ARS 60.000;ARS 1.231.500;ARS 207.000;ARS 165.000;ARS 0;ARS 0;ARS 0;ARS 0;ARS 1.500.000;ARS 0;ARS 0;15/2/25 12:00;17/3/25 12:00;30;SI;ARS 500.000;NO
2025-02-18 12:27:21.228322;COMPLETADA;Avenida Nicolás Avellaneda 521, San Miguel de Tucumán, Tucumán Province, Argentina;;208;ARS 55.000;ARS 55.000;ARS 550.000;ARS 63.250;ARS 55.000;ARS 0;ARS 70.000;ARS 16.000;ARS 0;ARS 748.250;ARS 150.000;ARS 0;1/3/25 8:00;11/3/25 11:00;10;SI;ARS 500.000;NO
2025-02-18 14:56:08.874669;COMPLETADA;Ciudad de Mendoza, Capital Department, Mendoza Province, Argentina;;208;ARS 52.500;ARS 52.500;ARS 262.500;ARS 30.188;ARS 27.500;ARS 0;ARS 0;ARS 0;ARS 0;ARS 384.225;ARS 0;ARS 0;23/2/25 9:30;28/2/25 19:30;5;SI;ARS 500.000;NO
2025-02-19 00:57:30.703829;COMPLETADA;Costa Rica 3966, ADB, Buenos Aires, Argentina;WEB;Kwid;ARS 45.000;ARS 50.000;ARS 200.000;ARS 23.000;ARS 22.000;ARS 0;ARS 46.000;ARS 0;ARS 0;ARS 291.000;ARS 145.500;ARS 0;28/2/25 11:00;4/3/25 13:00;4;SI;ARS 500.000;NO
2025-02-19 09:56:25.058327;COMPLETADA;Plaza Independencia, Avenida 24 de Septiembre, San Miguel de Tucumán, Tucumán, Argentina;;Cronos  1.3;ARS 65.000;ARS 60.000;ARS 360.000;ARS 29.900;ARS 27.500;ARS 0;ARS 0;ARS 0;ARS 0;ARS 434.300;ARS 0;ARS 0;27/2/25 13:00;5/3/25 13:00;5;SI;ARS 500.000;NO
2025-02-19 10:05:45.216563;COMPLETADA;Costa Rica 3966, Buenos Aires, Argentina;;Palio;ARS 50.000;ARS 50.000;ARS 100.000;ARS 11.500;ARS 11.000;ARS 0;ARS 0;ARS 0;ARS 0;ARS 122.500;ARS 0;ARS 0;17/2/25 18:00;19/2/25 18:00;2;SI;ARS 500.000;NO
2025-02-19 12:30:51.211662;COMPLETADA;Avenida Patricias Argentinas 111, CABA, Buenos Aires, Argentina;;Cronos  1.3;ARS 60.000;ARS 60.000;ARS 180.000;ARS 20.700;ARS 16.500;ARS 0;ARS 34.500;ARS 0;ARS 0;ARS 268.425;ARS 90.000;ARS 0;28/2/25 15:00;3/3/25 15:00;3;SI;ARS 500.000;NO
2025-02-19 13:52:42.119548;COMPLETADA;Capital Federal, Argentina;;Gol Trend;ARS 60.000;ARS 60.000;ARS 480.000;ARS 55.200;ARS 44.000;ARS 0;ARS 19.400;ARS 0;ARS 0;ARS 598.400;ARS 160.800;ARS 0;28/2/25 19:00;8/3/25 19:00;8;SI;ARS 500.000;NO
2025-02-19 17:02:04.178762;COMPLETADA;Charcas 4040, Buenos Aires, Argentina;;Logan;ARS 80.000;ARS 65.000;ARS 455.000;ARS 52.325;ARS 38.500;ARS 0;ARS 40.250;ARS 0;ARS 0;ARS 586.075;ARS 0;ARS 0;21/2/25 8:00;28/2/25 8:00;7;SI;ARS 500.000;NO
2025-02-20 11:29:56.679354;COMPLETADA;Avenida Juan Bautista Justo 8324, Buenos Aires, Argentina;;Logan;ARS 70.000;ARS 65.000;ARS 260.000;ARS 29.900;ARS 22.000;ARS 0;ARS 32.000;ARS 0;ARS 0;ARS 343.900;ARS 0;ARS 0;25/2/25 8:00;1/3/25 13:00;4;SI;ARS 500.000;NO
2025-02-20 15:12:51.756416;COMPLETADA;Vallejos 4090, Villa Devoto, Capital Federal, Argentina;;AGILE 1.4 LT;ARS 55.000;ARS 50.000;ARS 300.000;ARS 34.500;ARS 33.000;ARS 0;ARS 0;ARS 0;ARS 0;ARS 328.250;ARS 131.300;ARS 0;28/2/25 19:30;6/3/25 19:30;6;SI;ARS 500.000;NO
2025-02-20 15:33:37.812414;COMPLETADA;Mercedes 274, Buenos Aires, Argentina;;208;ARS 65.000;ARS 60.000;ARS 420.000;ARS 48.300;ARS 38.500;ARS 0;ARS 80.500;ARS 0;ARS 0;ARS 587.300;ARS 88.000;ARS 0;3/3/25 10:00;10/3/25 10:00;7;SI;ARS 500.000;NO
2025-02-21 09:48:50.908470;COMPLETADA;Villa del Parque, Buenos Aires, Argentina;;Cronos  1.3;ARS 70.000;ARS 70.000;ARS 350.000;ARS 40.250;ARS 27.500;ARS 0;ARS 40.000;ARS 0;ARS 0;ARS 457.750;ARS 183.100;ARS 0;28/2/25 12:00;5/3/25 12:00;5;SI;ARS 500.000;NO
2025-02-22 10:35:16.150055;COMPLETADA;Costa Rica 3966, Buenos Aires, Argentina;;ECO SPORT 1.5  S L/13;ARS 73.000;ARS 73.000;ARS 1.095.000;ARS 125.925;ARS 82.500;ARS 0;ARS 0;ARS 0;ARS 0;ARS 1.300.000;ARS 100.000;ARS 0;27/2/25 9:00;14/3/25 9:00;15;SI;ARS 500.000;NO
2025-02-22 16:25:39.028759;COMPLETADA;Campana;;Kicks;ARS 80.000;ARS 75.000;ARS 250.000;ARS 43.125;ARS 27.500;ARS 0;ARS 0;ARS 0;ARS 0;ARS 278.375;ARS 0;ARS 0;22/2/25 17:00;27/2/25 17:00;5;SI;ARS 500.000;NO
2025-02-22 17:00:28.185164;COMPLETADA;CORNELIO SAAVEDRA 400 - MAR DEL PLATA;;Fit;ARS 45.000;ARS 45.000;ARS 180.000;ARS 20.700;ARS 22.000;ARS 0;ARS 46.000;ARS 0;ARS 0;ARS 268.700;ARS 0;ARS 0;28/2/25 18:00;4/3/25 18:00;4;SI;ARS 500.000;NO
2025-02-24 11:11:05.256902;COMPLETADA;Villa Urquiza CABA;;Sandero;ARS 65.000;ARS 60.000;ARS 174.000;ARS 20.010;ARS 16.500;ARS 24.000;ARS 0;ARS 0;ARS 0;ARS 249.000;ARS 0;ARS 0;1/3/25 12:00;4/3/25 12:00;3;SI;ARS 500.000;NO
2025-02-24 12:43:40.045697;COMPLETADA;Santiago del Estero, Santiago del Estero Province, Argentina;;Etios;ARS 65.000;ARS 65.000;ARS 260.000;ARS 29.900;ARS 22.000;ARS 0;ARS 46.000;ARS 0;ARS 0;ARS 357.900;ARS 100.000;ARS 0;28/2/25 20:00;4/3/25 20:00;4;SI;ARS 500.000;NO
2025-02-24 14:50:38.732593;COMPLETADA;Benjamín Matienzo 1431, Godoy Cruz, Mendoza, Argentina;;408 1.6 HDI ALLURE;ARS 50.000;ARS 50.000;ARS 250.000;ARS 28.750;ARS 27.500;ARS 0;ARS 0;ARS 0;ARS 0;ARS 346.000;ARS 0;ARS 0;25/2/25 15:30;2/3/25 17:00;5;SI;ARS 500.000;NO
2025-02-24 17:06:39.527541;COMPLETADA;Aeropuerto Santiago del Estero / Vcom. Angel de la Paz Aragonés (SDE - SANE), Honduras, Santiago del Estero, Santiago del Estero Province, Argentina;;CLIO MIO 1.2 5 P EXPRESSION PK2;ARS 55.000;ARS 55.000;ARS 220.000;ARS 25.300;ARS 22.000;ARS 0;ARS 0;ARS 0;ARS 0;ARS 267.300;ARS 267.300;ARS 0;13/3/25 16:00;17/3/25 16:00;4;SI;ARS 500.000;NO
2025-02-24 17:30:13.370614;COMPLETADA;Rosario Vera Peñaloza 599, Buenos Aires, Argentina;;Creta;ARS 100.000;ARS 70.850;ARS 354.250;ARS 40.739;ARS 27.500;ARS 0;ARS 0;ARS 0;ARS 0;ARS 440.000;ARS 0;ARS 0;24/2/25 18:00;1/3/25 18:00;5;SI;ARS 500.000;NO
2025-02-25 10:23:40.788774;COMPLETADA;Avenida Juan Bautista Justo 8324, Buenos Aires, Argentina;;208;ARS 75.000;ARS 75.000;ARS 300.000;ARS 34.500;ARS 22.000;ARS 0;ARS 32.000;ARS 0;ARS 0;ARS 388.500;ARS 194.250;ARS 0;1/3/25 9:00;5/3/25 9:00;4;SI;ARS 500.000;NO
2025-02-25 10:35:50.856775;COMPLETADA;Doblas 248 PISO 8 B , Caballito, CABA;;208;ARS 70.000;ARS 55.000;ARS 220.000;ARS 28.520;ARS 22.000;ARS 0;ARS 0;ARS 0;ARS 0;ARS 334.125;ARS 133.650;ARS 0;1/3/25 13:00;5/3/25 7:00;4;SI;ARS 500.000;NO
2025-02-25 11:38:20.244109;COMPLETADA;Costa Rica 3966, Buenos Aires, Argentina;;208;ARS 72.000;ARS 50.000;ARS 1.500.000;ARS 172.500;ARS 165.000;ARS 0;ARS 0;ARS 0;ARS 0;ARS 1.800.000;ARS 0;ARS 0;22/2/25 12:30;24/3/25 12:30;30;SI;ARS 700.000;NO
2025-02-26 11:55:31.679422;COMPLETADA;Amenábar 3807, Buenos Aires, Argentina;;Cronos  1.3;ARS 67.500;ARS 67.500;ARS 337.500;ARS 38.812;ARS 27.500;ARS 0;ARS 0;ARS 0;ARS 0;ARS 406.600;ARS 0;ARS 0;28/2/25 20:30;5/3/25 20:30;5;SI;ARS 500.000;NO
2025-02-27 10:31:47.367988;COMPLETADA;Avenida Cabildo 759, Buenos Aires, Argentina;APP;Fiesta;ARS 60.000;ARS 60.000;ARS 240.000;ARS 27.600;ARS 22.000;ARS 0;ARS 0;ARS 0;ARS 0;ARS 289.600;ARS 0;ARS 0;1/3/25 15:30;5/3/25 10:00;4;SI;ARS 500.000;NO
2025-02-27 12:04:39.745573;COMPLETADA;Av. Patria 500, Córdoba, Córdoba Province, Argentina;;2008 1.6 SPORT THP;ARS 65.000;ARS 65.000;ARS 390.000;ARS 44.850;ARS 33.000;ARS 0;ARS 0;ARS 0;ARS 0;ARS 400.950;ARS 2.000;ARS 0;28/2/25 16:00;6/3/25 17:00;6;SI;ARS 500.000;NO
2025-02-28 10:52:16.325735;COMPLETADA;Matienzo 1431;;Cronos  1.3;ARS 55.000;ARS 52.500;ARS 165.000;ARS 18.975;ARS 16.500;ARS 0;ARS 0;ARS 0;ARS 0;ARS 200.475;ARS 0;ARS 0;1/3/25 20:00;4/3/25 23:00;3;SI;ARS 500.000;NO
2025-03-01 12:31:09.313562;COMPLETADA;Costa Rica 3966, Buenos Aires, Argentina;;mobi;ARS 50.000;ARS 50.000;ARS 1.500.000;ARS 172.500;ARS 165.000;ARS 0;ARS 0;ARS 0;ARS 0;ARS 1.300.000;ARS 0;ARS 0;1/3/25 14:45;31/3/25 14:45;30;SI;ARS 500.000;NO
2025-03-01 12:56:59.771380;COMPLETADA;Av. Bartolomé Mitre 40, San Rafael, Mendoza Province, Argentina;;Kwid;ARS 50.000;ARS 50.000;ARS 150.000;ARS 17.250;ARS 16.500;ARS 0;ARS 34.500;ARS 5.000;ARS 5.000;ARS 228.250;ARS 0;ARS 0;1/3/25 15:00;4/3/25 15:00;3;SI;ARS 500.000;NO
2025-03-01 14:02:18.109297;COMPLETADA;Celedonio Gutiérrez 1287, San Miguel de Tucumán, Tucumán Province, Argentina;;Cruze;ARS 85.000;ARS 85.000;ARS 425.000;ARS 48.875;ARS 27.500;ARS 0;ARS 45.500;ARS 0;ARS 0;ARS 558.875;ARS 447.100;ARS 0;1/3/25 16:00;6/3/25 19:00;5;SI;ARS 700.000;NO
2025-03-01 15:27:40.108960;COMPLETADA;Puerto Madero, Buenos Aires, Argentina;;2008 1.6 FELINE TIPTRONIC L/19;ARS 75.000;ARS 120.000;ARS 480.000;ARS 55.200;ARS 22.000;ARS 0;ARS 46.000;ARS 0;ARS 0;ARS 603.200;ARS 0;ARS 0;1/3/25 18:00;5/3/25 18:00;4;SI;ARS 500.000;NO
2025-03-02 11:55:11.571988;COMPLETADA;Alto Alberdi, Córdoba Capital, Argentina;;Etios;ARS 65.000;ARS 65.000;ARS 130.000;ARS 14.950;ARS 11.000;ARS 0;ARS 0;ARS 0;ARS 0;ARS 155.950;ARS 0;ARS 0;2/3/25 13:30;4/3/25 13:30;2;SI;ARS 500.000;NO
2025-03-03 10:47:47.163696;COMPLETADA;CABA, Buenos Aires, Argentina;;Cronos  1.3;ARS 65.000;ARS 65.000;ARS 455.000;ARS 52.325;ARS 38.500;ARS 0;ARS 56.000;ARS 0;ARS 0;ARS 601.825;ARS 0;ARS 0;3/3/25 16:00;10/3/25 16:00;7;SI;ARS 500.000;NO
2025-03-03 11:46:14.382855;COMPLETADA;Plaza Independencia, General Espejo, AVJ, Mendoza Province, Argentina;;Logan;ARS 80.000;ARS 65.000;ARS 130.000;ARS 14.950;ARS 11.000;ARS 0;ARS 0;ARS 0;ARS 0;ARS 155.950;ARS 0;ARS 0;3/3/25 13:00;5/3/25 13:00;2;SI;ARS 500.000;NO
2025-03-05 20:59:04.396275;COMPLETADA;Ushuaia, Tierra del Fuego Province, Argentina;APP;208;ARS 55.000;ARS 55.000;ARS 110.000;ARS 12.650;ARS 11.000;ARS 0;ARS 0;ARS 0;ARS 0;ARS 153.650;ARS 0;ARS 0;11/3/25 14:00;13/3/25 17:00;2;SI;ARS 500.000;NO
2025-03-06 10:52:17.579813;COMPLETADA;Vicente López 2305, Buenos Aires, Argentina;;Focus;ARS 65.000;ARS 65.000;ARS 260.000;ARS 29.900;ARS 22.000;ARS 0;ARS 5.500;ARS 0;ARS 0;ARS 311.900;ARS 0;ARS 0;7/3/25 6:00;11/3/25 6:00;4;SI;ARS 500.000;NO
2025-03-06 13:07:10.639019;COMPLETADA;Salta, Salta Province, Argentina;;Polo;ARS 80.000;ARS 80.000;ARS 255.000;ARS 29.325;ARS 16.500;ARS 0;ARS 0;ARS 0;ARS 0;ARS 300.825;ARS 300.825;ARS 0;17/4/25 13:00;20/4/25 19:00;3;SI;ARS 500.000;NO
2025-03-06 13:48:46.465220;COMPLETADA;Matienzo 1431;;Cronos  1.3;ARS 55.000;ARS 55.000;ARS 220.000;ARS 25.300;ARS 22.000;ARS 0;ARS 0;ARS 0;ARS 30.000;ARS 287.300;ARS 0;ARS 0;7/3/25 9:00;11/3/25 6:00;4;SI;ARS 500.000;NO
2025-03-07 13:40:19.374751;COMPLETADA;Charcas 4040, Buenos Aires, Argentina;;Logan;ARS 80.000;ARS 60.000;ARS 240.000;ARS 27.600;ARS 22.000;ARS 0;ARS 0;ARS 0;ARS 0;ARS 289.600;ARS 0;ARS 0;7/3/25 14:00;11/3/25 14:00;4;SI;ARS 500.000;NO
2025-03-07 13:44:30.626393;COMPLETADA;Bariloche, Río Negro Province, Argentina;;Sandero;ARS 55.000;ARS 55.000;ARS 495.000;ARS 56.925;ARS 49.500;ARS 0;ARS 0;ARS 0;ARS 0;ARS 500.000;ARS 85.000;ARS 0;21/3/25 13:00;30/3/25 9:30;9;SI;ARS 500.000;NO
2025-03-07 14:53:33.709017;COMPLETADA;San Miguel de Tucumán;;C3 1.5I FEEL;ARS 50.000;ARS 50.000;ARS 200.000;ARS 23.000;ARS 22.000;ARS 0;ARS 46.000;ARS 10.000;ARS 10.000;ARS 331.000;ARS 0;ARS 0;13/3/25 20:30;17/3/25 20:30;4;SI;ARS 500.000;NO
2025-03-07 17:09:27.042411;COMPLETADA;Av. Bartolomé Mitre 40, San Rafael, Mendoza Province, Argentina;;Kwid;ARS 50.000;ARS 50.000;ARS 300.000;ARS 34.500;ARS 33.000;ARS 0;ARS 48.000;ARS 0;ARS 10.000;ARS 425.500;ARS 0;ARS 0;7/3/25 19:00;13/3/25 17:00;6;SI;ARS 500.000;NO
2025-03-10 11:42:38.854657;COMPLETADA;Santiago del Estero, Santiago del Estero Province, Argentina;;CAPTUR 2.0 ZEN;ARS 75.000;ARS 75.000;ARS 225.000;ARS 25.875;ARS 16.500;ARS 0;ARS 0;ARS 20.000;ARS 20.000;ARS 307.375;ARS 0;ARS 0;14/3/25 17:30;17/3/25 15:00;3;SI;ARS 500.000;NO
2025-03-10 15:46:33.782593;COMPLETADA;Mendoza, Capital Department, Mendoza Province, Argentina;;mobi;ARS 47.250;ARS 47.250;ARS 189.000;ARS 21.735;ARS 22.000;ARS 0;ARS 0;ARS 0;ARS 0;ARS 232.735;ARS 232.735;ARS 0;24/3/25 9:00;27/3/25 21:00;4;SI;ARS 500.000;NO
2025-03-11 15:28:27.528657;COMPLETADA;Charcas 4040, Buenos Aires, Argentina;;Logan;ARS 80.000;ARS 60.000;ARS 300.000;ARS 34.500;ARS 27.500;ARS 0;ARS 5.500;ARS 0;ARS 0;ARS 362.000;ARS 362.000;ARS 0;13/3/25 10:00;18/3/25 10:00;5;SI;ARS 500.000;NO
2025-03-12 13:24:10.073016;COMPLETADA;Charcas 4040, Buenos Aires, Argentina;;Kangoo;ARS 70.000;ARS 70.000;ARS 560.000;ARS 64.400;ARS 44.000;ARS 0;ARS 0;ARS 0;ARS 0;ARS 668.400;ARS 167.100;ARS 0;14/3/25 18:00;22/3/25 18:00;8;SI;ARS 600.000;NO
2025-03-12 15:03:29.495927;COMPLETADA;Costa Rica 3966, ADB, Buenos Aires, Argentina;;Kwid;ARS 45.000;ARS 45.000;ARS 450.000;ARS 51.750;ARS 55.000;ARS 0;ARS 0;ARS 0;ARS 0;ARS 556.750;ARS 0;ARS 0;14/3/25 11:00;24/3/25 11:00;10;SI;ARS 500.000;NO
2025-03-13 16:43:27.267406;COMPLETADA;EL COLIBRI 1683;;S-10 Pickup;ARS 130.000;ARS 130.000;ARS 520.000;ARS 59.800;ARS 22.000;ARS 0;ARS 40.000;ARS 0;ARS 0;ARS 647.800;ARS 0;ARS 0;14/3/25 10:00;18/3/25 13:00;4;SI;ARS 700.000;NO
2025-03-13 16:52:48.221452;COMPLETADA;Recoleta, Buenos Aires, Argentina;;Etios;ARS 55.000;ARS 55.000;ARS 55.000;ARS 6.325;ARS 5.500;ARS 0;ARS 0;ARS 0;ARS 0;ARS 66.825;ARS 0;ARS 0;15/3/25 20:00;16/3/25 20:00;1;SI;ARS 500.000;NO
2025-03-15 10:29:47.475897;COMPLETADA;Mendoza, Capital Department, Mendoza Province, Argentina;;KA;ARS 52.500;ARS 52.500;ARS 315.000;ARS 36.225;ARS 33.000;ARS 0;ARS 0;ARS 10.000;ARS 10.000;ARS 404.225;ARS 0;ARS 0;16/3/25 9:30;21/3/25 20:00;6;SI;ARS 500.000;NO
2025-03-17 13:15:11.697876;COMPLETADA;Matienzo 1431;;Cronos  1.3;ARS 55.000;ARS 55.000;ARS 220.000;ARS 25.300;ARS 22.000;ARS 0;ARS 32.000;ARS 20.000;ARS 0;ARS 319.300;ARS 319.500;ARS 0;1/4/25 9:00;4/4/25 19:00;4;SI;ARS 500.000;NO
2025-03-17 15:42:38.175612;COMPLETADA;Costa Rica 3966, Buenos Aires, Argentina;;Gol Trend;ARS 41.050;ARS 41.050;ARS 1.231.500;ARS 141.622;ARS 165.000;ARS 0;ARS 0;ARS 0;ARS 0;ARS 1.500.000;ARS 0;ARS 0;17/3/25 13:00;16/4/25 13:00;30;SI;ARS 500.000;NO
2025-03-18 12:38:56.297189;COMPLETADA;Doblas 248 PISO 8 B , Caballito, CABA;;208;ARS 70.000;ARS 62.000;ARS 62.000;ARS 7.130;ARS 5.500;ARS 0;ARS 0;ARS 0;ARS 0;ARS 76.302;ARS 0;ARS 0;20/3/25 9:00;21/3/25 9:00;1;SI;ARS 500.000;NO
2025-03-19 07:52:05.204283;COMPLETADA;Vallejos 4090, Villa Devoto, Capital Federal, Argentina;APP;AGILE 1.4 LT;ARS 55.000;ARS 50.000;ARS 100.000;ARS 11.500;ARS 11.000;ARS 0;ARS 0;ARS 0;ARS 0;ARS 122.500;ARS 0;ARS 0;22/3/25 18:00;24/3/25 18:00;2;SI;ARS 500.000;NO
2025-03-19 10:43:23.903009;COMPLETADA;Charcas 4040, Buenos Aires, Argentina;;Logan;ARS 80.000;ARS 60.000;ARS 180.000;ARS 20.700;ARS 16.500;ARS 0;ARS 0;ARS 0;ARS 0;ARS 217.200;ARS 0;ARS 0;19/3/25 14:00;22/3/25 14:00;3;SI;ARS 500.000;NO
2025-03-21 09:32:49.789495;COMPLETADA;Avenida Juan Bautista Justo 8324, Buenos Aires, Argentina;;Logan;ARS 70.000;ARS 70.000;ARS 210.000;ARS 24.150;ARS 16.500;ARS 0;ARS 28.500;ARS 0;ARS 0;ARS 285.150;ARS 0;ARS 0;21/3/25 18:00;24/3/25 18:00;3;SI;ARS 500.000;NO
2025-03-21 10:14:41.526770;COMPLETADA;Costa Rica 3966, Buenos Aires, Argentina;;208;ARS 72.000;ARS 50.000;ARS 1.500.000;ARS 172.500;ARS 165.000;ARS 0;ARS 0;ARS 0;ARS 0;ARS 1.600.000;ARS 0;ARS 0;24/3/25 12:31;23/4/25 12:30;30;SI;ARS 500.000;NO
2025-03-22 12:39:53.084218;COMPLETADA;Recoleta, Buenos Aires, Argentina;;Etios;ARS 55.000;ARS 55.000;ARS 220.000;ARS 25.300;ARS 22.000;ARS 0;ARS 46.000;ARS 0;ARS 0;ARS 308.600;ARS 0;ARS 0;17/4/25 9:00;21/4/25 9:00;4;SI;ARS 500.000;NO
2025-03-22 12:56:52.235761;COMPLETADA;Doblas 248 PISO 8 B , Caballito, CABA;APP;208;ARS 70.000;ARS 62.000;ARS 62.000;ARS 7.130;ARS 5.500;ARS 0;ARS 11.500;ARS 0;ARS 0;ARS 86.130;ARS 25.000;ARS 0;23/3/25 10:00;24/3/25 10:00;1;SI;ARS 500.000;NO
2025-03-24 11:24:49.243973;COMPLETADA;Celedonio Gutiérrez 1287, San Miguel de Tucumán, Tucumán Province, Argentina;;Kangoo;ARS 62.000;ARS 62.000;ARS 868.000;ARS 99.820;ARS 77.000;ARS 112.000;ARS 0;ARS 20.000;ARS 20.000;ARS 1.196.820;ARS 100.000;ARS 0;29/3/25 10:00;12/4/25 13:00;14;SI;ARS 600.000;NO
2025-03-25 10:21:18.937982;COMPLETADA;Recoleta, Buenos Aires, Argentina;;Etios;ARS 55.000;ARS 55.000;ARS 55.000;ARS 6.325;ARS 5.500;ARS 0;ARS 0;ARS 0;ARS 0;ARS 66.825;ARS 0;ARS 0;25/3/25 14:00;26/3/25 14:00;1;SI;ARS 500.000;NO
2025-03-26 09:37:37.442736;COMPLETADA;Charcas 4040, Buenos Aires, Argentina;;Logan;ARS 80.000;ARS 60.000;ARS 120.000;ARS 13.800;ARS 11.000;ARS 0;ARS 0;ARS 0;ARS 0;ARS 144.800;ARS 0;ARS 0;27/3/25 12:00;29/3/25 12:00;2;SI;ARS 500.000;NO
2025-03-26 09:45:48.833089;COMPLETADA;Palermo, Buenos Aires, Argentina;;RENEGADE 1.8 4X2 SPORT;ARS 80.000;ARS 95.000;ARS 495.000;ARS 45.425;ARS 22.000;ARS 0;ARS 5.500;ARS 0;ARS 0;ARS 468.000;ARS 351.000;ARS 0;26/3/25 11:30;29/3/25 19:00;3;SI;ARS 700.000;NO
2025-03-26 13:51:48.776079;COMPLETADA;Vallejos 4090, Villa Devoto, Capital Federal, Argentina;;AGILE 1.4 LT;ARS 55.000;ARS 50.000;ARS 200.000;ARS 23.000;ARS 22.000;ARS 0;ARS 32.000;ARS 0;ARS 0;ARS 277.000;ARS 77.000;ARS 0;17/4/25 9:00;21/4/25 9:00;4;SI;ARS 500.000;NO
2025-03-31 15:16:29.285553;COMPLETADA;Doblas 248 PISO 8 B , Caballito, CABA;APP;208;ARS 70.000;ARS 62.000;ARS 124.000;ARS 14.260;ARS 11.000;ARS 0;ARS 0;ARS 0;ARS 0;ARS 149.260;ARS 0;ARS 0;10/4/25 15:15;12/4/25 15:15;2;SI;ARS 500.000;NO
2025-04-01 07:17:10.422063;COMPLETADA;Av. Patria 500, Córdoba, Córdoba Province, Argentina;APP;2008 1.6 SPORT THP;ARS 65.000;ARS 65.000;ARS 162.500;ARS 14.950;ARS 11.000;ARS 16.000;ARS 0;ARS 0;ARS 0;ARS 171.950;ARS 171.950;ARS 0;4/4/25 7:30;6/4/25 13:30;2;SI;ARS 500.000;NO
2025-04-03 11:18:32.653950;COMPLETADA;CABA, Buenos Aires, Argentina;;Cronos  1.3;ARS 65.000;ARS 70.000;ARS 655.050;ARS 64.400;ARS 44.000;ARS 0;ARS 97.500;ARS 0;ARS 0;ARS 760.400;ARS 665.350;ARS 0;11/4/25 10:00;19/4/25 10:00;8;SI;ARS 500.000;NO
2025-04-03 19:38:39.770944;COMPLETADA;Av. Patria 500, Córdoba, Córdoba Province, Argentina;WEB;2008 1.6 SPORT THP;ARS 65.000;ARS 65.000;ARS 130.000;ARS 14.950;ARS 11.000;ARS 0;ARS 0;ARS 0;ARS 0;ARS 155.950;ARS 155.950;ARS 0;17/4/25 8:00;19/4/25 8:00;2;SI;ARS 500.000;NO
2025-04-04 13:45:40.566870;COMPLETADA;Bolívar 355, Buenos Aires, Argentina;;Logan;ARS 60.000;ARS 70.000;ARS 445.050;ARS 40.250;ARS 27.500;ARS 0;ARS 57.500;ARS 0;ARS 0;ARS 475.250;ARS 0;ARS 0;16/4/25 12:00;22/4/25 12:00;5;SI;ARS 500.000;NO
2025-04-07 14:42:34.535789;COMPLETADA;Vallejos 4090, Villa Devoto, Capital Federal, Argentina;;AGILE 1.4 LT;ARS 55.000;ARS 50.000;ARS 100.000;ARS 11.500;ARS 11.000;ARS 0;ARS 0;ARS 0;ARS 0;ARS 122.500;ARS 0;ARS 0;11/4/25 7:00;13/4/25 7:00;2;SI;ARS 500.000;NO
2025-04-09 16:20:22.496348;COMPLETADA;Belgrano, Buenos Aires, Argentina;;Corolla;ARS 70.000;ARS 70.000;ARS 420.000;ARS 40.250;ARS 27.500;ARS 0;ARS 0;ARS 0;ARS 0;ARS 451.170;ARS 0;ARS 0;9/4/25 18:00;15/4/25 18:00;5;SI;ARS 500.000;NO
2025-04-12 10:18:15.891985;COMPLETADA;México 880, Buenos Aires, Argentina;;RENEGADE 1.8 4X2 SPORT;ARS 90.000;ARS 90.000;ARS 450.000;ARS 51.750;ARS 27.500;ARS 0;ARS 40.000;ARS 0;ARS 0;ARS 569.250;ARS 0;ARS 0;16/4/25 8:00;21/4/25 9:00;5;SI;ARS 500.000;NO
2025-04-14 13:50:54.752738;COMPLETADA;Avenida Díaz Vélez 4145, Buenos Aires, Argentina;;Cronos  1.3;ARS 59.000;ARS 59.000;ARS 295.000;ARS 33.925;ARS 27.500;ARS 0;ARS 0;ARS 0;ARS 0;ARS 356.425;ARS 0;ARS 0;17/4/25 23:00;22/4/25 23:00;5;SI;ARS 500.000;NO
2025-04-15 10:18:46.790514;COMPLETADA;Doblas 248 PISO 8 B , Caballito, CABA;;208;ARS 70.000;ARS 70.000;ARS 280.000;ARS 32.200;ARS 22.000;ARS 0;ARS 46.000;ARS 0;ARS 0;ARS 380.200;ARS 0;ARS 0;17/4/25 12:20;21/4/25 12:20;4;SI;ARS 500.000;NO
2025-04-16 15:34:21.490672;COMPLETADA;Costa Rica 3966, Buenos Aires, Argentina;;mobi;ARS 50.000;ARS 50.000;ARS 250.000;ARS 28.750;ARS 27.500;ARS 0;ARS 0;ARS 0;ARS 0;ARS 306.250;ARS 0;ARS 0;16/4/25 15:00;21/4/25 15:00;5;SI;ARS 500.000;NO
2025-04-17 11:55:58.157677;COMPLETADA;Palermo, Buenos Aires, Argentina;;RENEGADE 1.8 4X2 SPORT;ARS 80.000;ARS 80.000;ARS 640.000;ARS 73.600;ARS 44.000;ARS 0;ARS 0;ARS 0;ARS 0;ARS 701.925;ARS 0;ARS 0;19/4/25 8:00;27/4/25 8:00;8;NO;ARS 500.000;NO
2025-04-22 17:42:59.468588;COMPLETADA;Virrey del Pino 4130, Buenos Aires, Argentina;APP;208;ARS 70.000;ARS 70.000;ARS 145.000;ARS 16.675;ARS 11.000;ARS 0;ARS 23.000;ARS 0;ARS 0;ARS 195.675;ARS 195.675;ARS 0;25/4/25 7:00;27/4/25 12:50;2;SI;ARS 700.000;NO
2025-04-23 13:43:59.011049;COMPLETADA;Mercedes 274, Buenos Aires, Argentina;;208;ARS 65.000;ARS 65.000;ARS 130.000;ARS 14.950;ARS 11.000;ARS 0;ARS 0;ARS 0;ARS 0;ARS 167.100;ARS 0;ARS 0;23/4/25 17:00;25/4/25 9:00;2;SI;ARS 500.000;NO
2025-04-26 10:08:55.177206;COMPLETADA;Villa Urquiza CABA;;Sandero;ARS 65.000;ARS 65.000;ARS 65.000;ARS 7.475;ARS 5.500;ARS 0;ARS 0;ARS 0;ARS 0;ARS 77.975;ARS 0;ARS 0;26/4/25 11:00;27/4/25 11:00;1;SI;ARS 500.000;NO
